player,str
Axel Alvarez Llamas,8.704
Guillermo Nuñez,7.736
Gonzales Austin,7.646
Mikelis Libietis,7.585
Jared Hiltzik,7.568
Mackenzie McDonald,7.474
Collin Altamirano,7.447
Julian Lenz,7.175
Mitchell Frank,7.098
Andrew Harris,6.884
Søren Hess-Olesen,6.694
Martin Redlicki,6.626
Quentin Monaghan,6.575
Simon Stevens,6.511
Ryan Shane,6.382
Nik Scholtz,6.330
Aleks Vukic,6.323
Sebastian Stiefelmeyer,6.274
Tim Kopinski,6.051
Diego Hidalgo,6.040
Brett Clark,6.021
Noah Rubin,5.971
Eric Johnson,5.947
Nicolas Alvarez,5.938
Romain Bogaerts,5.852
Dane Webb,5.824
Roberto Quiroz,5.754
Florin Bragusi,5.681
Arthur Rinderknech,5.578
Jeremy Efferding,5.564
Mike Vermeer,5.543
Alexandru Ghilea,5.538
Ronnie Schneider,5.518
Jack Murray,5.507
Yannick Hanfmann,5.459
Winston Lin,5.445
Tony Lupieri,5.426
Max de Vroome,5.384
Shane Vinsant,5.359
Nick Chappell,5.352
Andreas Bjerrehus,5.348
Lloyd Glasspool,5.341
Dominik Koepfer,5.321
Tomas Stillman,5.281
Thai-Son Kwiatkowski,5.274
Mate Zsiga,5.235
Marko Lovrinovic,5.233
Adrien Berkowicz,5.194
Beck Pennington,5.151
Robbie Mudge,5.149
Tin Ostojic,5.133
Raphael Hemmeler,5.131
Jordi Massalle Ferrer,5.111
Tom Fawcett,5.105
JC Aragone,5.073
Carlos Lopez Villa,5.069
Daniel Valent,5.055
Peter Nagy,5.047
Clement Homs,5.044
Dennis Mkrtchian,5.021
Naoki Takeda,4.976
Sam Shropshire,4.974
Robert Kelly,4.972
Hunter Callahan,4.949
Or Ram-Harel,4.925
Maxime Tchoutakian,4.925
Chris Diaz,4.923
Leandro Toledo,4.912
Jordi Vives,4.893
Denis Nguyen,4.877
Jordan Daigle,4.855
Lucas Gerch,4.839
Mikael Torpegaard,4.818
Hunter Koontz,4.801
Wayne Montgomery,4.797
Florian Lakat,4.787
Benjamin Lock,4.775
Roberto Cid,4.771
Bernardo Saraiva,4.721
Nick Crystal,4.699
Ace Matias,4.691
Matic Spec,4.681
Jake Douglas,4.664
Daniel Leitner,4.641
Dovydas Sakinis,4.624
Daan Maasland,4.622
Strong Kirchheimer,4.620
Chris Mengel,4.616
Amerigo Contini,4.605
Daniil Gerasimov,4.572
Andre Goransson,4.558
Aron Hiltzik,4.555
Arnau Dachs,4.544
Jonathan Ho,4.534
Mariano Porter,4.508
Elliott Orkin,4.498
Austin Smith,4.482
Jordan Angus,4.481
Filip Vittek,4.477
Michael Rinaldi,4.476
Ralf Steinbach,4.464
Jakob Sude,4.448
Lukas Ollert,4.448
Diego Vives,4.436
AJ Catanzariti,4.421
Filip Bergevi,4.419
David Wilczynski,4.374
Max Lunkin,4.364
Beck Bond,4.361
Marko Goles-Babic,4.303
Freddy Gelbrich,4.291
Stefan Lindmark,4.273
Jonny Wang,4.270
Alen Salibasic,4.248
Albert Wagner,4.246
Nathan Pasha,4.236
Nick Wood,4.219
Spencer Papa,4.195
Edoardo Tessaro,4.190
John Morrissey,4.170
Felipe Rios,4.169
Felipe Soares,4.155
Ben Davis,4.149
Chase Perez-Blanco,4.136
Nicky Hu,4.132
Michael Voscek,4.120
Kevin Metka,4.100
Chris Simpson,4.084
Zack McCourt,4.072
Mate Cutura,4.057
Samm Butler,4.056
Ashok Narayana,4.047
Gordon Watson,3.996
Ryoto Tachi,3.975
Jack Findel-Hawkins,3.960
Bruno Semenzato,3.959
Alex Gornet,3.947
Alejandro Espejo,3.946
Ilya Osintsev,3.943
Uros Petronijevic,3.942
Cameron Norrie,3.939
Alejandro Llamas,3.938
Gregory Bayane,3.919
Joao Monteiro,3.906
Vince Schneider,3.903
Connor Glennon,3.853
Giammarco Micolani,3.827
Michael Zhu,3.826
Jason Tahir,3.818
Aaron Gomez,3.815
Max Schmidt,3.809
Gal Hakak,3.806
Diogo Rocha,3.766
Toshiki Matsuya,3.760
Facundo Lugones,3.731
Tristan Meraut,3.721
Tito Moreiras,3.720
Stjepan Sisko,3.717
Alex Braun,3.715
Hassan Ndayishimye,3.688
Randy Phillips,3.673
Simon Norenius,3.668
Karue Sell,3.666
Christopher Eubanks,3.659
Nick Bybel,3.653
Felix Corwin,3.652
Catalin Fifea,3.644
Alex Galoustian,3.634
Dusty Boyer,3.617
Austin Powell,3.612
Trent Botha,3.611
Jake Albo,3.596
Chris Simich,3.596
Ryan Peniston,3.593
Diego Galeano,3.592
Henrik Wiersholm,3.581
Dragos Ignat,3.578
Andrew Watson,3.570
Rishab Agarwal,3.557
Kenny Sabacinski,3.550
Bernardo Casares Rosa,3.539
Sasha Gozun,3.531
Mitch Stewart,3.530
Thomas Colautti,3.529
David Biosca,3.501
Constantin Schmitz,3.492
Jerry Lopez,3.488
Michael Weindl,3.482
Max Andrews,3.481
Piotr Lomacki,3.479
Daniel Sardu,3.457
Leonard Stakhovsky,3.457
Guilherme Hadlich,3.456
Mads Engsted,3.445
James Wade,3.441
Kamil Khalil,3.438
Jorg Van Der Vloet,3.433
Juan Cruz Estevarena,3.430
Farris Gosea,3.424
Moez Chargui,3.422
Maxime Hinnisdaels,3.408
Boris Arias,3.407
Marko Krickovic,3.402
Brian Yeung,3.400
Marco Nunez,3.399
Garrett Patton,3.390
Ravi Patel,3.389
Daniel Bednarczyk,3.388
Srikar Alla,3.385
Robert Stineman,3.384
Sebastian Heim,3.375
Ashot Khacharyan,3.373
Jacob Dunbar,3.360
Hugo Dojas,3.359
Runhao Hua,3.355
Juan Moreiras,3.351
Eric Diaz,3.340
Jolan Cailleau,3.331
Josef Dodridge,3.327
Hendrik Jebens,3.317
William Bushamuka,3.306
Alex Steinroeder,3.285
Jose Antonio Salazar,3.260
Kyle Koch,3.242
Kevin Farin,3.230
Carlos Bautista,3.226
Ethan Dunbar,3.224
Jose Gracia,3.224
Henry Craig,3.222
Jayson Amos,3.212
Linus Erhart,3.203
Carlos Benito,3.203
Arjun Kadhe,3.195
Christian Seraphim,3.183
Josh Hagar,3.183
Oliver Pramming,3.171
Ben Lott,3.161
Rogerio Ribeiro,3.147
Andres Alfonzo,3.144
Yannick Born,3.139
Nicolas Podesta,3.134
Paul Oosterbaan,3.132
Alex Sendegeya,3.131
George Goldhoff,3.127
Matt Hagan,3.110
Luis Valero,3.105
Tim Srkala,3.086
Justin Butsch,3.085
Maksim Kan,3.078
Chris Kipouras,3.074
Korey Lovett,3.059
Luca Corinteli,3.051
Skander Mansouri,3.039
Fedor Baev,3.013
Markus Schultz,3.012
Haris Poric,3.008
Ettore Zito,3.004
Herkko Pollanen,2.998
Van Damrongsri,2.995
Ben Wagland,2.994
Oskar Wikberg,2.994
Patrick O'Keefe,2.993
Alex Fennell,2.993
Pedro Iamachkine,2.987
Michael Tenzer,2.964
Matt Barry,2.962
Sebastian Rey,2.959
Zach Mueck,2.942
Cristian Gonzalez Mendez,2.941
Chris Vrabel,2.915
Ben Donovan,2.913
Rhys Johnson,2.909
Sam Monette,2.896
Steffen Dierauf,2.895
James Tallman,2.894
Danny Kerznerman,2.883
Jordi Arconada,2.879
Mac Styslinger,2.877
Kenny Tao,2.875
Logan Staggs,2.875
Harry Jadun,2.874
Juan Benitez,2.873
Andrew Schafer,2.871
Morgan Mays,2.854
Jannis Koeke,2.848
Nicolai Ferrigno,2.839
Will Stein,2.833
Yannik James,2.831
Jai Corbett,2.814
Alex Arovin,2.793
Ristomatti Lanne,2.793
TJ Pura,2.782
Harrison O'Keefe,2.778
Jack Schipanski,2.777
Dennis Baumgartner,2.774
Nathan Ponton,2.772
Guillermo de Vilchez,2.769
Michal Kianicka,2.767
Stefan Fortmann,2.765
Marc Hermann,2.741
Andrey Goryachkov,2.740
Julian Cash,2.730
Alexander Ritschard,2.726
Hunter Harrington,2.721
Josh Silverstein,2.721
Thorsten Bertsch,2.714
Gustav Hansson,2.710
Nate Lammons,2.706
Cole Fiegel,2.704
Ruben Weber,2.695
Austin Siegel,2.695
Gage Brymer,2.692
Nikolas Papic,2.682
Konrad Zieba,2.671
Landon Barlow,2.670
Erick Reyes,2.665
Sven Lalic,2.663
Vadym Kalyuzhnyy,2.659
Rob Galloway,2.652
Hunter Reese,2.650
David Warren,2.650
Jonathan Gonzalez,2.646
Alex Van Cott,2.645
Billy Pecor,2.642
Ignacio Gonzalez-Muniz,2.637
Nolan Paige,2.636
Christoffer Greve,2.636
Alp Horoz,2.636
Eduardo Mena,2.633
Antonio Rodriguez,2.623
Robert Livi,2.622
Mihir Kumar,2.612
Trevor Johnson,2.608
Sam Matheson,2.588
Raheel Manji,2.588
Andrei Morin-Kougoucheff,2.582
Ritchie KRUUNENBURG,2.581
Nick Naumann,2.577
Oystein Steiro,2.574
Jaan Kononov,2.570
Garrett Auproux,2.566
Eric Schnurrenberger,2.557
Elijah Melendez,2.556
Gabriel Dias,2.553
Adam Moundir,2.549
Victor Cornea,2.546
Jonny Rigby,2.534
Arvis Berzins,2.533
Mitch McDaniels,2.522
Thomas Tenreiro,2.512
Miguel Diaz,2.508
Nikko Madregallejo,2.502
Aws Laaribi,2.497
Dan Richardson,2.492
Parker McGuinness,2.475
Lucas Hejhal,2.470
Ilija Cuic,2.467
Hayden Sabatka,2.466
Brett Forman,2.466
Lauri Makikalli,2.465
Tomas Hanzlik,2.461
Luke Johnson,2.457
Lucas Andersen,2.449
Bert Vancura,2.447
Caryl Hernandez,2.447
Forrest Edwards,2.437
Robin Riethmueller,2.432
Chi-Shan Jao,2.430
Lefteris Theodorou,2.429
J.T. Nishimura,2.425
Arturs Kazijevs,2.423
Ricky Ventura,2.420
Ross Guignon,2.412
Brett Bacharach,2.412
Trey Yates,2.408
Ciro Riccardi,2.402
Blake Bazarnik,2.386
Vasileous Stavropolous,2.380
Dominic Patrick,2.378
Michail Pervolarakis,2.376
Peter Tarwid,2.375
Danil Zelenkov,2.371
Peter Bertran,2.364
Ryan Andrada,2.357
Sam Edwards,2.352
Shawn Hadavi,2.351
Josh Pompan,2.351
Oleksly Arovin,2.346
Vinod Gowda,2.344
Justin To,2.341
Charles Boyce,2.341
Oliver Landert,2.340
Vaidik Munshaw,2.339
Francis Sargeant,2.334
Alejando Augusto,2.332
Greg Garcia,2.330
Justin Roberts,2.328
Shane Monroe,2.328
Alex Lawson,2.327
Carlos Arbiza,2.324
Rakshay Thakkar,2.316
Ismael Merino,2.307
Thomas Weigel,2.304
Esben Hess-Olesen,2.290
Denys Pume,2.290
Matthew Kirby,2.290
Simon Pritchard,2.285
Harrison Kennedy,2.271
Diego Acosta,2.266
Alex Gasson,2.256
Arkadijs Slobodkins,2.255
Mitchell Pritchard,2.255
Tianyu Bao,2.255
Soufiane Mouline,2.251
Jeremy Court,2.238
Dan Elston,2.228
Richard Robbie,2.228
Adam Gustafsson,2.222
Leonard Ivic,2.219
Brandon Yeoh,2.216
Becker O'Shaughnessey,2.213
Dante Saleh,2.206
Santtu Leskinnen,2.205
Leopold Gomez Islinger,2.205
Mauricio Antun,2.199
Javier Jover Maestre,2.182
Adrian Ortiz-Ruiz,2.179
Samir Iftikhar,2.178
Slim Hamza,2.170
Howard Scott,2.169
Alvaro Nazal,2.163
Chris Barrus,2.161
David Herrerias,2.158
Mikheil Khmiadashvili,2.147
Zvonimir Podvinski,2.145
Rob Bellamy,2.132
Vikram Hundal,2.131
Nico Mertens,2.129
Josh Zeoli,2.124
Sebastian Beltrame,2.121
Gijs Linders,2.120
David Hsu,2.118
Colin Sinclair,2.117
Milen Ianakiev,2.110
Mac Roy,2.104
Tom Hill,2.095
Carter Lin,2.090
Giovani Samaha,2.089
Christian Harris,2.082
Daniel Santos,2.081
Lukas Finzelberg,2.080
Daniel Armengol,2.076
Stuart Kenyon,2.076
Kyle Barnes,2.071
Kevin Bettendroffer,2.063
Francesc Aulina,2.060
Martin Svenning,2.052
Arthur Weber,2.048
Patriek Wolterbeek,2.045
Adrian Legarreta,2.035
Tyler Lu,2.033
Daniel Fernandez,2.029
Maik Steiner,2.014
Maxx Lipman,2.004
Jeremy Lynn,2.004
Austin Akers,1.999
Jabor Al-Mutawa,1.993
Martin Figura,1.990
Nathan Eshmade,1.989
Kai Lemke,1.985
Alex Knight,1.973
Jack Hamburg,1.970
Eduardo Segura,1.960
Walid Gtari,1.958
John Mee,1.954
Calum MacGeoch,1.953
Florian Nicoud,1.947
Andrew Nakajima,1.943
Max Schnur,1.943
Tobias Galskov,1.942
Jurence Mendoza,1.941
Hayden Smith,1.938
Matt Frost,1.938
Tuki Jacobs,1.935
Christiaan Van der Burgh,1.914
Viktor Farkas,1.912
Andrew Poustie,1.906
Cody Rakela,1.906
Daffra Sanon,1.905
Andrew Adams,1.902
Jay Leelavanich,1.899
Simon Freund,1.893
Jan Dernic,1.893
Stefan Vinti,1.891
Jeffrey Schorsch,1.890
Eddy Covalschi,1.883
Luis Elizondo,1.880
Michael Kay,1.879
Michael Riechmann,1.874
Emmett Egger,1.869
Wilder Pimentel,1.868
Brad Marriott,1.868
Karan Salwan,1.867
Josh Levine,1.862
Zach Berry,1.858
Tyler Pham,1.854
Brent Lett,1.851
Tremayne Mitchell,1.851
Andrew Korinek,1.835
Stefan Menichella,1.835
Johan den Toom,1.832
João Gauer,1.831
Geoffrey Fosso,1.824
Blaine Willenborg,1.821
Arsav Mohanty,1.819
Suresh Eswaran,1.815
Oliver Casey,1.806
Alexander Day,1.802
Tomislav Gregurovic,1.797
Rodney Carey,1.789
Eliott Hureau,1.786
Billy Griffith,1.782
Jonathan Hannestad,1.777
Jamie Malik,1.769
Marc Collado Castells,1.765
Davis Crocker,1.763
Alejandro Bejar,1.760
Jefta Kecic,1.759
Joshua Yablon,1.755
Daniel Kripak,1.754
Cedric Willems,1.754
Shamael Chaudhry,1.751
Sergio de Vilchez,1.745
Henrique Tsukamoto,1.744
Eric Komati,1.742
Florian Kraenzler,1.741
Wilfredo Gonzalez,1.740
Ricardo Jorge,1.739
Cameron Green,1.735
Jaime Barajas,1.733
Errol Smith,1.731
Will Neuner,1.731
Ricardo Mayagoitia,1.715
Zack Lewis,1.714
Frederic Cadieux,1.714
Kaue Pereira,1.709
Euan Mcintosh,1.708
Zachary Goldberg,1.707
Nikita Lis,1.702
Sam O'Neill,1.699
Kian McLean,1.699
Joe VanMeter,1.696
Martin Figura,1.693
Jonathan Walker,1.692
Nils Skajaa,1.689
Luca Marquard,1.686
Joseph Di Giulio,1.681
Nils Schuhmann,1.681
Julian Bradley,1.680
Santiago Munoz,1.677
Jeffrey Brown,1.675
Renier Moolman,1.670
Ben Mullis,1.670
Christian Cargill,1.670
Ryan Smith,1.668
Francisco Zambon,1.665
Marko DeSomocurcio,1.660
Alex Petrone,1.648
Nikhil Jayashankar,1.646
Jake Wynan,1.638
Rafael Davidian,1.637
Loic Blanco,1.633
Jeremy Nuss,1.627
Thibault Forget,1.624
Jess Jones,1.621
Sam Bertram,1.612
Yannick Junger,1.611
Nicolas Soriano,1.609
Duk Young-Park,1.598
Luke Gamble,1.586
Terrance Whitehurst,1.586
Jakob Amilon,1.585
Matthew McCoy,1.581
Austin Rapp,1.579
Thomas Takemoto,1.573
Christian Langmo,1.571
Dylan McCloskey,1.570
Tam Trinh,1.568
Adrien Rossignon,1.568
Stefan Doehler,1.567
Pablo Moreno,1.566
Ruben Greiner,1.565
Andres Alban,1.564
Odon Barta,1.560
Christian Coetzee,1.555
? Amare,1.553
Jonny Cornish,1.553
Terrell Whitehurst,1.550
Ruben Alberts,1.543
Romain Kalaydjian,1.542
Adam Steryous,1.541
Sam Fleck,1.535
Philippe Tsangaridis,1.531
Bernard Wezeman,1.518
Dimitar Ristovski,1.517
Guillaume Rauseo,1.517
Michael Feucht,1.512
Jordan Kaufman,1.509
Christian Waldron,1.508
Cormac Clissold,1.506
Vukasin Teofanovic,1.504
Connor Thompson,1.504
Michael Lippens,1.504
Markus Kerner,1.500
Zvonimir Babic,1.493
Pablo Alvarez,1.490
Baker Newman,1.473
Dylan Gee,1.471
Jonathan Poon,1.470
Xabier Saveedra,1.469
Damon Niquet,1.465
Shuhei Shibahara,1.461
Jordan Belga,1.458
Everett Maltby,1.455
Ben Stride,1.455
Nikita Zverkov,1.452
Charles Minc,1.447
Scott Webster,1.439
Victor Brown,1.436
Carlos Manzanas,1.436
Sumeet Shinde,1.433
Jocelyn Devilliers,1.432
Stuart Tierney,1.431
Corey Pang,1.430
William Kallberg,1.428
Wendell Watanabe,1.424
Daniel McCall,1.419
Mathieu Garcia,1.417
Ignacio Jiminez,1.416
Dave Bacalla,1.411
Michael Beiler,1.409
Dylan Comerford,1.409
Nick Horton,1.408
Freddie McGeehan,1.402
Jake Jacoby,1.394
Alexandr Rudenco,1.392
Chao-Yu Huang,1.391
Sam Williams,1.391
Aaron Chaffee,1.389
Maciek Romanowicz,1.385
Jared Madison,1.382
Brandon Sutter,1.378
Daniel Morgan,1.376
Dylan Hansel,1.359
Andrew Gores,1.352
Nicolas Rakitin,1.350
Jovan Parlic,1.345
Francisco Dias,1.344
Grant Solomon,1.342
Kris Yee,1.341
Peter Beatty,1.338
Vasco Valverde,1.333
Pierre Garcia,1.324
Erik Johnsson,1.323
Fernando Sala,1.319
Nico Agritelley,1.319
Zandrix Acob,1.315
Kial Kaiser,1.314
Chris Hobgarski,1.308
Augustus Ge,1.308
Zackery Kennedy,1.306
Blake Gregor,1.302
Artem Khrapko,1.301
Johan Jonhagen,1.298
Andre Napolitana,1.295
Ricky Medinilla,1.294
Bayo Philips,1.292
Lars De Boer,1.287
Jason Jaruvang,1.286
Bryce McKelvie,1.280
Austin Ansari,1.279
Brayden Schnur,1.279
Joan Carles Alcala,1.278
Kevin Lai,1.272
Felix Schueller,1.271
Jeff Offerdahl,1.268
Cristobal Rivera,1.267
Jeremy Kochman,1.265
Nick Dykema,1.265
Alexandr Cozbinov,1.264
Max Fliegner,1.263
Diego Pedraza,1.259
Ivan Kravtchenko,1.259
David Fox,1.256
Vladimir Mijatovic,1.256
Rob Mitchell,1.254
Trey Carter,1.251
Melker Svard,1.241
Alex Croker,1.238
Charlie Nettlefold,1.238
Alex Araouzos,1.232
Yannick Zuern,1.231
Sebastian Yllera,1.231
Inaki Espindola,1.231
Mehdi Mekaoui,1.230
Rick Delboi,1.218
Brendan Tannebaum,1.215
Rishabh Raman,1.213
Ismael Dinia,1.213
Mathieu Froment,1.209
Rodrigo Encinas,1.204
Miroslav Herzan,1.202
Steven Billington,1.201
Sam Philp,1.198
Gian Issa,1.191
Benny Schweizer,1.191
Adam Glynn,1.191
Felipe Fonseca,1.190
Xavier Gonzalez,1.188
Lautaro Pane,1.187
Felix Van Kann,1.187
Sofiane Chevallier,1.180
Hampton Drake,1.179
Nathan Rakitt,1.175
Thiago Pinheiro,1.162
Vuk Velickovic,1.158
Austin Jones,1.151
Nicolas Montoya,1.149
Matt Kuhar,1.147
Jose Sangroniz,1.145
Keivon Tabrizi,1.143
Zach Hublitz,1.141
Michael Moya,1.139
Jeff Hawke,1.138
Andres Torres,1.133
Daryl Monfils,1.133
Tim Kane,1.133
Charlie Ghriskey,1.131
Jorge Escutia,1.130
Christopher Geaslen,1.126
Richard Sec,1.123
Robin Haden,1.111
"STEMPIEN, Krzystof",1.103
Tomas Pitra,1.101
Andrei Andrukhou,1.097
James Hignett,1.095
Sebastian Ermicioiu,1.094
Vasily Kichigin,1.092
Donovan McSeveney,1.087
Kert Kilumets,1.082
Aaron Sandberg,1.080
Branch Terrell,1.079
Ramon Simonetti,1.079
Fernando Sunago,1.078
Jacob Perkins,1.072
Eli Whittle,1.070
Aleksas Tverijonas,1.068
Norbert Nemcsek,1.066
Andranik Khachatryan,1.064
Nicky Wong,1.062
Nick Kamisar,1.051
Eric Perez,1.046
Jose Chamba,1.046
Charlie Emhardt,1.041
Alec Adamson,1.039
Alex Gaines,1.039
Alejandro Manzanares,1.039
Ian Dempster,1.036
Alex Van Velzer,1.029
Juan Matias Gonzalez,1.026
Caio Gomes,1.021
Axel Damiens,1.014
Robert Dula,1.011
Stieg Martens,1.010
Sean Kolar,1.006
Xander Veys,1.003
Washi Gervais,0.999
Brian Page,0.997
Patrick Pfister,0.997
William Albanese,0.996
Daniel Casablancas,0.994
Diogo Casa,0.991
Alex Hamilton,0.987
Michael Carella,0.986
Joat Farah,0.984
Connor Curry,0.983
Brian Foley,0.983
Kieran Cronin,0.981
Nils Ellefsen,0.980
Joshua Wardell,0.975
Mikhail Esipov,0.973
Karlyn Small,0.972
Jacob Behal,0.968
Shoti Meparizde,0.960
Gustavo Gonzalez,0.954
David Mushayev,0.953
Sebastian Mueller,0.953
Pascal Domnik,0.953
Bart Van Leijsen,0.952
Albert Codina Sala,0.950
Will Baird,0.949
Sten Leusink,0.945
Stefan Burnett,0.945
Toby Mitchell,0.945
Naveen Beasley,0.943
Alberto De Meo,0.940
Calvin Mark,0.940
Jakub Gewert,0.938
Jorge Azuero,0.934
Sebastian Schneider,0.934
Dillon Segur,0.928
Remi Chancerel,0.925
Oliver Plaskett,0.925
Diego Manzanas,0.924
Daniel Alameh,0.918
Cristobal Ramos Salazar,0.918
Daniel Mack,0.915
Niklas Brandes,0.912
Sidhartha Hazarika,0.911
Jacob Sullivan,0.898
Hayes Brewer,0.895
Elio Livi,0.894
Gus Benson,0.890
Tassilo Schmid,0.889
Victor Pugliese,0.887
Josh Schramm,0.884
Lasse Muscheites,0.873
"STEMPIEN, Krzyzstof",0.867
Jonathan Hammel,0.860
Korhan Ates,0.860
Rodrigo Oliveira,0.856
William East,0.852
Jamie Fisher,0.850
Romain Lefevre,0.845
Riley Reist,0.845
Jakub Vitek,0.834
Ben Kelley,0.834
Sebastian Acuna,0.833
Germain Degardin,0.832
Saxon Beuhning,0.831
Daniel Zheng,0.827
Sawyer Fonda,0.825
Simon Formont,0.824
Aries Wong,0.822
Aaron Jumonville,0.817
Doug Zade,0.812
Brendon Kempin,0.812
Lukas Shaefer,0.804
Andrew Dromsky,0.803
Eduardo Irizarry,0.802
Ziqi Wang,0.791
Bernard Tefel,0.790
Sai Kartik Nakireddi,0.789
Robert Stirling,0.785
Juan Cruz Soria,0.783
Dima Zyhmantovich,0.775
Alex VanVelzer,0.775
Semion Branzberg,0.774
Mateus Silva,0.770
Sam Lampman,0.768
Shaun Chaudhuri,0.765
Matt Mendez,0.764
Calum McKinlay,0.762
Laurynas Antropikas,0.758
Ray Leonard,0.756
Jakub Eisner,0.752
Dragos Puscalau,0.743
Igor Smelyanski,0.741
Vim De Alwis,0.739
Jefferson Wendler-FIlho,0.738
Adam Reinhart,0.738
Mark Kovacs,0.734
Gerard Guell,0.733
Simon Julin,0.731
Daniel Bustamante,0.728
Andres Cobos,0.725
Lamar Remy,0.723
Przemyslaw Filipek,0.717
Ari Richman,0.716
Edgar Lopez,0.716
Juan Madrid,0.709
Joao Barra,0.709
Muddappa Appanervanda,0.704
Jordan Gobatie,0.695
Mark Singnil,0.694
Vladyslav Yanchenko,0.694
Mohamed El Tonbari,0.693
Mitchell Cook,0.692
Nicholas Osterling,0.692
John Zordani,0.692
Daniel Yun,0.691
Tony Miller,0.689
Rafael Orantes,0.683
Patrick Elliott,0.682
Jesse Flores,0.682
Jacob Svensson,0.681
Justin Ghavami,0.676
Ben Horst,0.675
Shoki Kasahara,0.674
Daniel Ginzburg,0.674
Othar Kordsachia,0.668
Chris Angulo,0.663
Ben Davies,0.660
Tanner Smith,0.660
Dougie Barnard,0.657
Julian Rozenstein,0.656
Damian Farinola,0.655
Sam Bloom,0.651
Joey Swaysland,0.650
Peter Minagh-Fleming,0.640
Harrison Adams,0.639
Joseph Van Dooren,0.635
Juan Canales,0.633
Robert Dubuque,0.633
Gabriel Ruiz,0.629
Ramon van Flymen,0.624
Eric Frueh,0.619
Lee-Shawn Stein,0.618
Manuel Bellutti,0.611
Nash Vollenwider,0.609
Javier Martin-Morillas,0.608
Wen-Po Tseng,0.607
Sam Todd,0.606
Blake Anthony,0.606
Artemie Amare,0.605
Sem Verbeek,0.601
Justin Carter,0.599
Dylan Brown,0.594
Egon Samaai,0.593
Grant Riechmann,0.592
Eduardo Alfonzo,0.585
Carsten Fisher,0.575
Andrew Stutz,0.574
Brice Allanic,0.574
Stefan Jakubov,0.570
Raphael Termat,0.567
David Ball,0.567
Rodolfo Jauregui,0.567
Todd Fought,0.566
Koby Jansen,0.564
Kristiyan Trukov,0.561
Rudolf Kurz,0.560
Vasudev Vijayaraman,0.556
Addison Appleby,0.555
Amar Hromic,0.551
Ismael Kaouache,0.549
Julian Ruffin,0.545
Arthur Stefani,0.545
Sam Swank,0.544
Jake Bouchillon,0.532
Lucas Plesky,0.530
Austin Bates,0.530
Jakhongir Jalalov,0.528
Alberto Esteban,0.525
Alex Calott,0.523
Joel Rubio,0.518
Cedric Dujacquier,0.517
Nathan Debut,0.505
Will George,0.503
Mario Muniesa,0.502
Patrick Mayer,0.496
Hasier Pastor,0.495
Hugo Morth,0.493
Christopher Clayton,0.492
Freddie McGeehan,0.491
Javier Pujol,0.481
Yannick Schmidl,0.479
Beau Wills,0.478
Abe Hewko,0.473
Jeremy Schneider,0.470
Garik Yedigarian,0.467
Carlos Carrera,0.467
Garret Gardner,0.467
Matt Hamilton,0.465
Harrison Lang,0.464
Georg Lundkvist,0.462
Matt Browne,0.453
Daridge Saidi,0.450
Derrick Brown,0.441
Sebastian Salinas,0.439
Bradford Zitsch,0.436
Stephen Ong,0.422
Thomas Spratt,0.420
Feliz Albert,0.417
Grey Hamilton,0.416
Luqman Ebrahim,0.415
Roy Brandys,0.414
Nathan Roper,0.403
Photos Photiades,0.393
Alex Aleman,0.393
Eduardo Lourido-Sanchez,0.392
Alex Drean,0.392
Teague Hamilton,0.390
Robert Herrera,0.389
Jake Stefanik,0.385
Miguel Alvarez-Hevia,0.383
Joey Hatala,0.382
Jarred Wynan,0.378
Zachary Morris,0.375
Stuart DePaolo,0.375
Alex Toliver,0.373
Chad Hoskins,0.373
Amar Saletovic,0.372
Andrew Hutchinson,0.370
Stathi Kyriakides,0.370
David Hager,0.368
Michael Fredericka,0.354
Andreas Boers,0.351
Harry Walshe,0.351
Chris Schindler,0.348
Mathieu Ounanian,0.346
Gerhard Gruindelingh,0.346
Julius Tverijonas,0.345
Andrew Dzulnsky,0.345
Andy Lau,0.340
Charlie Shin,0.340
Scott Hinze,0.340
Yale Goldberg,0.337
Dylan Fletcher,0.336
Roman Trkulja,0.335
Niranjan Ram,0.331
Alejandro Valencia,0.331
Arnav Mohanty,0.330
Javier Restrepo,0.326
Aidan Carrazedo,0.323
Grant Taylor,0.321
Isaac Lloveras,0.318
Anthony Delcore,0.311
Blake Wiggins,0.309
Rick Timmerman,0.308
Rakshit Rishi,0.307
Marcus Fritz,0.306
Aman Agarwal,0.306
Arthur Bedel,0.298
Airam Castellano,0.296
Robert Skolik,0.292
Peter Sienko,0.292
Matt Nardella,0.290
Federico Buscarino,0.287
Andrew Goodwin,0.286
Theophile Lanthiez,0.284
Alexandros Georgios Vakouftsis,0.284
Jonathan Raa,0.281
Louis Ishizaka,0.275
Noah Hajdu-Andersson,0.273
Robin Chou,0.270
Victor Casadevall,0.267
Thomas Mayronne,0.258
Carlos Fernandez,0.257
Ramy Bekheit,0.255
Dan Wright,0.255
Paul Cisti,0.251
Ciaran Fitzgerald,0.249
Joey Leto,0.244
Cameron Smith,0.234
Eliott Loubatie,0.234
Joe Dube',0.232
Robert Allan,0.223
Franz Sydow,0.221
Louis-Philippe Hamel,0.218
Victor Hoang,0.215
Pally Ray,0.215
Lewis Roskilly,0.214
Kyle Dunn,0.210
Arnaud Holl,0.203
Alexandre Thirouin,0.203
Anthony Arocho,0.194
Rolando Torrellas,0.194
Alexandre Locci,0.188
Robin Lesage,0.188
Christopher Egan-Morriss,0.187
Connor Farren,0.184
Robert Lindgren,0.179
Garrett Gordon,0.178
Tucker Saxon,0.178
Georg Lundkvist,0.166
Austin Blake,0.165
Hector Ramirez,0.163
Hudson Blake,0.163
Alec Josepher,0.163
Cameron Tehrani,0.162
Kyle Hoffman,0.161
Chris Fletcher,0.160
Michael Sinha,0.160
JB Gough,0.155
Jack Swindells,0.153
Maros Januvka,0.153
Vuk Subotic,0.153
Jeandre Hoogenboezem,0.152
Eric Rubin,0.152
Olivier Gingras,0.152
Nathan de Veer,0.151
Michael Birnbaum,0.150
Grigory Trotsenko,0.147
Ron Verano,0.134
Miguel Negre Fernandez,0.131
Michael Chen,0.129
David Sklar,0.126
Andrew DeJoy,0.123
Jake Norman,0.120
Jonas Meinzer,0.117
Vidit Vaghela,0.116
Benjamin Kaszas,0.111
Sebastian Ionescu,0.110
Alexandre Felisa,0.110
Matt Cowley,0.109
Kent Mukai,0.105
Kai Wehnelt,0.105
Everth Dzib,0.104
Brian Hickey,0.103
Matt Sweet,0.096
Amaury Navette,0.092
Hunter Whalen,0.091
Chase Gordon,0.090
Shakeel Manji,0.088
Carter Lam,0.088
Jack Riazzi,0.086
Kyle Chalmers,0.083
Brendan Dempsey,0.082
Stefan Cooper,0.081
Youssef Hassan,0.076
Robert Dudley,0.070
Juan Sheppard,0.069
Stefan Lugonjic,0.067
Jose Morales,0.066
Sam Jang-Milsten,0.060
Kyle Johnson,0.059
Ashwin Sharma,0.056
Greg Shannon,0.055
David Schenk,0.054
Austin Russell,0.054
Jason Brown,0.052
Thomas Panoulas,0.052
Hamza Laalej,0.049
Julien Philippe,0.041
Chris Perrigan,0.040
Daniel Faierman,0.040
Eric Fitz-Randolph,0.038
Josip Smoljan,0.035
Reid Delaubenfels,0.035
Walner Espinoza,0.032
Jack Desse,0.020
Tom Hjertonsson,0.015
Brian Kowalski,0.013
Chris Seitz,0.008
Scott Huang,0.006
Wyatt Lovera,-0.005
Ali Shabib,-0.007
Quinn Dippel,-0.007
Max Olson,-0.007
Arthur Dobradin,-0.008
Joaquin Marquez,-0.009
Colin Roller,-0.009
Michael Dube,-0.010
Luiz Pinto,-0.018
Jack Haworth,-0.019
Luke Bohuslav,-0.020
Frankie Colunga,-0.023
Conner Huertas,-0.029
Juuso Laitinen,-0.035
Kester Black,-0.036
Hank Workman,-0.038
Austin McCasin,-0.045
David Doehring,-0.045
Vasili Caripi,-0.048
Patryk Koscielski,-0.052
Ernest Alberch,-0.055
Bradley Orban,-0.057
Lucas Lesoeur,-0.066
John Patrick Mullane,-0.068
Walker Sims,-0.076
Fares Kilani,-0.079
Mark Ginting,-0.079
Zachary Yablon,-0.080
Danny Bruce,-0.083
Andrew Ball,-0.083
Jeremy Bourgeois,-0.087
Jacob Lagman,-0.090
Harrison McCormick,-0.096
Michiel Meekers,-0.097
Richard Meade,-0.101
Joseph Cohen,-0.106
Gonzalo Garcia,-0.111
Stefan Rhodes,-0.112
Andrew Harrington,-0.119
Philippe Courteau,-0.124
Niclas Genovese,-0.125
Jack Maddocks,-0.133
Nicklas Wingord,-0.133
Akhil Mehta,-0.133
Chas Okamoto,-0.136
Jacob Whalley,-0.141
James Markiewicz,-0.144
Greg Olesnycky,-0.151
Brandon Jackson,-0.151
Joao Riquelme,-0.154
Michael Nguyen,-0.159
Fedor Andrienko,-0.164
Eduardo Landin,-0.164
Martin Muadi,-0.164
Daniil Ivanov,-0.166
Cahit Kapukiran,-0.168
Jesse Ross,-0.170
Brandon Fickey,-0.172
Ian Van Cott,-0.175
Tristan Boustany,-0.178
Mirko Radosevic,-0.179
Peter Nagovnak,-0.182
Nicolas Paulus,-0.188
Julio Olaya,-0.190
Mile Cilic,-0.193
Andrew Riminton,-0.197
Joseph Dube,-0.198
Renan Hanayama,-0.205
Renan Samed,-0.205
Kei Ezaka,-0.207
Nile Clark,-0.210
Jamie Yates,-0.216
Tarun Surat,-0.221
Damien David,-0.229
Jan-Willem Feilzer,-0.230
Tomsz Soltyka,-0.231
Will Juggins,-0.239
Kyle Childree,-0.243
Diego Nunez,-0.246
Tendai Tapfuma,-0.250
Alex Alvaro,-0.256
Chester Espie,-0.257
Felix Schumann,-0.257
Diogo Soares,-0.260
Jack Thomas,-0.263
Federico Ruiz,-0.265
Kevin Bondar,-0.271
Leonard Gerch,-0.272
Juan Marino,-0.273
Andrey Smirnov,-0.274
Christos Hadjigeorgiou,-0.275
Jasper Koenen,-0.277
Jody Maginley,-0.288
Coleman Wahlborg,-0.290
Andy Druffel,-0.293
Kasey Countee,-0.295
Jac Newis,-0.299
Manuel de Luis,-0.303
Ramon van Flymen,-0.303
Christian Carrillo,-0.307
Christofer Goncalves,-0.314
Michael Savaglio,-0.321
Alexander Gitin,-0.324
Partha Adovelly,-0.325
Steven Patrick,-0.327
Adi Zilberstein,-0.327
Mitchell Martell,-0.327
Alfonso Castellano,-0.330
Jacob Daugherty,-0.333
Dylan Steffens,-0.334
Joshua Swindler,-0.339
Silviu Mistreanu,-0.344
Liam Goldberg,-0.367
Daniel Khanin,-0.371
Mateo DeSomocurcio,-0.371
Andrew Gong,-0.376
Tucker Brown,-0.379
Ricardo Pineda,-0.379
Meidy Chazeau,-0.384
Stjepan Cagalj,-0.385
Alejandro Gomez Estrada,-0.387
Inaki Belloso,-0.388
Felipe Jaworski,-0.394
Thomas Hunt,-0.404
Viktor Selander,-0.413
Austin Woldmoe,-0.414
Sam Meessen,-0.418
Jim Beckwith,-0.421
Alexander Lykou,-0.426
Will Huyton,-0.431
Mario Sandoval,-0.432
Alex Doleac,-0.434
Anderson Scarpa,-0.440
Alexander Fahnehjelm,-0.442
Jacob Wilson,-0.445
Matthew Krizinger,-0.446
Will Kneale,-0.447
Louie Theodor,-0.447
MJ Every,-0.448
Josh Luck,-0.448
Jack Williams,-0.452
Gonzalo Arroyo-Baudet,-0.456
Michal Rolski,-0.456
David Raymond,-0.466
Mike Psarros,-0.468
Kevin Daun,-0.475
Alex Bourgeois,-0.475
Andres Urrea,-0.482
Jerome Kirkland,-0.483
Artur Culicovschi,-0.488
Hector Martinez,-0.490
Eric Spence,-0.495
Francesc Terns-Campius,-0.498
Harry James,-0.499
Karl Wangensten-Oye,-0.502
Mitchell Petersen,-0.503
Jimmy Lange,-0.506
Nika Dolidze,-0.506
Sergiu Muresan,-0.507
Josh Maylon,-0.508
Jose Calero,-0.509
Juan Troglia,-0.513
Alan Pleat,-0.513
Bartosz Sawicki,-0.517
Evan Karatzas,-0.522
Corey Robinson,-0.523
Will Turner,-0.525
Aaron Farmer,-0.526
David Ferragut,-0.526
Jake Faundez,-0.528
Trey Daniel,-0.529
Alec Miller,-0.530
Bernardo Oliveira,-0.541
Preston Touliatos,-0.548
Graham Ball,-0.550
Andrey Majkic,-0.559
Philip Nelson,-0.561
Jean-Marc Krone,-0.565
Elliott Baker,-0.565
Bjorn Scheepbouwer,-0.567
Alex Roggenkamp,-0.569
Ethan Lopez,-0.573
Vlad Kramarov,-0.576
Josh Kliger,-0.577
Tanner Baine,-0.577
Sean Bacha,-0.577
Will Drumwright,-0.578
Ignacio Garrido,-0.579
Mark Kite,-0.580
David Ogan,-0.585
Sam Kellett,-0.585
Chris Reynolds,-0.589
Jeffrey Melvin,-0.589
Courage Okungbowa,-0.589
Andrew Parks,-0.598
Toni Battle,-0.603
Myles Harris,-0.606
Strahinja Trecakov,-0.611
Alexander Chepik,-0.613
Greg Almeida,-0.615
Alex Koca,-0.615
Lucas Fumagalli,-0.618
Woravin Kumthonkittikul,-0.622
Porter Myrick,-0.622
Ulrick Boyoguena,-0.623
Sergio Chip,-0.625
Philip Kuehnen,-0.627
R.J. Del Nunzio,-0.635
Robin Demasse,-0.639
Kyle Alper,-0.644
Colin Wong,-0.645
Stefan Farrar,-0.645
Jose Carranza,-0.645
Parker Lawley,-0.650
Peter Greteman,-0.657
Christian Vieira,-0.661
Juan Calero,-0.665
Robert Margitfalvi,-0.667
Korhan Ates,-0.668
Nicolas Vincent,-0.673
Justin Chanthalangsy,-0.673
Lukas Clemens,-0.676
Marlon Brand,-0.686
Yaroslav Prostakov,-0.687
Will Kwok,-0.699
Canyon Teague,-0.700
Pedro Leme,-0.701
Caison Best,-0.702
Timo Tanzer,-0.705
William Albright,-0.708
Mikko Rajamaki,-0.715
Karl Enander,-0.722
Nico De Groof,-0.734
Reece Acree,-0.734
Andrea Boglic,-0.737
Jorge Alfonzo,-0.740
John Giakoumakis,-0.740
Joao Almeida,-0.745
Matt Lynch,-0.746
Joel Roberts,-0.749
Collin Rigney,-0.755
Jonas Kuwert,-0.761
Adrian Isache,-0.761
Nicholas Carpenter,-0.761
Khalil Naji,-0.762
Jan Penhec,-0.763
Gabriel Chavas Araujo,-0.765
Stephen Payne,-0.767
James Ponwith,-0.770
Marek Marksoo,-0.775
Santiago Cevallos,-0.778
Tyler Hansen,-0.779
Brandon Woods,-0.783
Brett Moorhead,-0.805
Aaron Capitel,-0.805
Antonio Pajic,-0.807
Andre Romanello,-0.820
Nikita Kostikov,-0.821
Marcos Rocca,-0.822
Drew Blair,-0.829
Pablo Colvee,-0.830
Ernesto Santillan,-0.830
Wil Martin,-0.837
Stefan Williams,-0.847
Taylor Cramer,-0.848
Nick Bradley,-0.853
Lukas Luckemeier,-0.855
Daniel Echeverry,-0.857
Jan-Willem Kleynhans,-0.857
Kevin Gonzalez,-0.858
Jonathan O'Neal,-0.858
Jonas Stropus,-0.859
Alex Hagermoser,-0.861
Alejandro Capdequi,-0.865
Daniel Hernandez,-0.868
Janken Thoen,-0.870
Alexander Santiago,-0.870
Carl Jedlinski,-0.871
Connor Pietrak,-0.872
Sergio Arevalillo,-0.880
Alex Pozo,-0.881
Ofir Solomon,-0.882
Steve Murray,-0.883
Gagan Jain,-0.885
Gaston Murray,-0.885
Dutin Britton,-0.894
Louis Asser,-0.895
Mathias Chaim,-0.899
Hou-en Chen,-0.899
Luke Adamus,-0.900
Parks Schoen,-0.901
Benjamin Gilman,-0.904
Simon Jayaram,-0.905
Blake Daniel,-0.905
Adam Gage-Brown,-0.906
Zachary Bost,-0.907
Brian Nguyen,-0.913
Urh Krajnc Domiter,-0.913
Jorge Gonzalez Soler,-0.914
Thomas Pecor,-0.917
Conner Edwards,-0.917
Ben Gendron,-0.918
Brent Chin,-0.930
Alvaro Cintas,-0.934
Gleb Skylr,-0.937
Nic Wilson,-0.937
Trevor James,-0.941
Treajh Ferguson,-0.941
Andrew Ong,-0.941
Jose Moreno Manzano,-0.942
Drew Wendel,-0.948
Matt Bishop,-0.949
Semion Branzburg,-0.952
Manuel Montenegro,-0.952
Luke Saunders,-0.956
Aidan Saggers,-0.960
Alon Faiman,-0.965
Damien Brenard,-0.967
Tom Wittiveen,-0.968
Fredric Lehfeldt,-0.969
Arnaud Valentin,-0.979
Edgar Diaz,-0.981
Elmar Lutz,-0.985
Joel Jones,-0.986
Giacomo Adoncecchi,-0.987
Uldis Gaismins,-0.995
Nate Chart,-0.998
Ricardo Pabon,-0.998
Dimitris Stavropoulos,-1.002
Alec Dylan Foo-Kune,-1.003
Alex Pasareanu,-1.007
Cyprian Owczarz,-1.008
Hawkins Owens,-1.013
Santiago Canete,-1.016
Sean Robles,-1.016
Jordan Szabo,-1.022
Chris Humphreys,-1.023
Quoc-Daniel Nguyen,-1.031
Colin Nardella,-1.036
Connor LaFavre,-1.041
Michael Sosnowski,-1.045
Santiago Sierra,-1.047
Daniel Cardenas,-1.048
Garrett Mandrell,-1.052
Warren Bryan,-1.052
Marshall Sharp,-1.056
Steven McMullan,-1.064
Tomas Hons,-1.066
Matthew Campana,-1.078
Adam Levi,-1.079
Tyler Pate,-1.088
Marcel Chan,-1.089
Stephen Washuta,-1.097
Shao-Po Yin,-1.100
Marco Bensley,-1.106
Ethan Bogard,-1.107
Zach Fryer,-1.109
Samuel Bloore,-1.116
Oliver Welsh,-1.123
Alekander Stupar,-1.126
Eldred Stephens,-1.126
Marco Lam,-1.136
Aaron Chalstrom,-1.136
Aidan Koross,-1.138
Carl Hedstrom,-1.141
Jakob Keppelmann,-1.142
Henrique Pereira,-1.144
Josh Martin,-1.145
Kellen Bates,-1.155
Ayman Abdulwahab,-1.156
Trey Morris,-1.156
Mitch Maroscher,-1.171
Adam Zaorski,-1.171
Connor Andrews,-1.173
Parker Goldstein,-1.176
Kevin Deligny,-1.180
Luke Roser,-1.182
Marthinus Visser,-1.182
Riley Newman,-1.183
Dylan Harvala,-1.189
Biyik Akinshemoyin,-1.193
Brandon Mills,-1.194
Max Sinn,-1.197
Daniel Strawn,-1.198
Shane Korber,-1.201
Ruben Franzanti,-1.201
Juanjo de la Llera,-1.206
David Vieyra,-1.209
Tyler Hoffman,-1.212
Richard Rangga,-1.216
Samuel Taylor,-1.216
Ryan Foster,-1.221
Stanislav Baco,-1.225
Ransom Braaten,-1.226
Tucker Massie,-1.228
Alex Hahn,-1.229
Florian Graskamp,-1.234
Oliver Snaider,-1.240
Jake Hirschberg,-1.241
Nico Kuehn,-1.242
Stepan Vancurik,-1.243
Alexander Kokorev,-1.245
Ozzy Abraham,-1.259
Conor Mullins,-1.263
Connor Finerty,-1.263
Dan Koehler,-1.265
Kacper Stelmaszak,-1.266
Ricky Hendler,-1.274
Oliver Dufour-Coursol,-1.275
Ryan Khan,-1.283
Victor Blasco,-1.286
David Beasley,-1.286
Christian Kerrigan,-1.296
Alvaro Barrera,-1.298
Tom Miller,-1.305
Alex Giannini,-1.307
Sebastian Penalosa,-1.307
Kelvin Lam,-1.308
Gavin Lewis,-1.313
A. Rahman,-1.314
Chris Essick,-1.315
Oleg Drobysh,-1.316
Brett Landau,-1.317
Justin Agbayani,-1.318
Cody Miller,-1.320
Alex Pavel,-1.329
Nick Lamart,-1.329
Michael Moe,-1.336
Mitchel Knight,-1.338
Daniel Gilbert,-1.345
Sabastian Penalosa,-1.350
Eric Ambrosio,-1.363
Felix Andre,-1.373
Jonathan Quenard,-1.375
Felipe Diaz,-1.376
Alex Fioravante,-1.381
Aidan McNulty,-1.382
Ryan Kum,-1.382
Lucas Waak,-1.384
Omar Espinosa,-1.387
Marten Jonsson,-1.390
Blest Jones,-1.390
Pulok Bhattacharya,-1.393
Elliott Yee,-1.401
Colton Buffington,-1.406
Jan Cimrman,-1.406
Pablo Mora,-1.410
Joe Lee,-1.411
Jesse Ruder-Hook,-1.411
Manuel Castellanos,-1.414
Victor Pereira,-1.415
Chance Conley,-1.416
Vineet Naran,-1.420
Takura Mlambo,-1.420
Matteo Giudici,-1.423
Eden Peleg,-1.426
Diego Garavito,-1.426
K. Davis,-1.436
Christoph Haertel,-1.449
Nick Mercer,-1.454
Joe Hill,-1.454
Kula Companion,-1.461
Lovro Curcija,-1.464
Jack Petersen,-1.466
Nicholas Gonzalez,-1.470
Will Topp,-1.472
Ryan Hoverson,-1.472
Matt Bennion,-1.477
Dylan Trent,-1.481
Andrew Connolly,-1.484
Mac Rechan,-1.485
Adam Coyne,-1.499
Dillon Launius,-1.504
Tristan Houle,-1.510
Joseph Bishop,-1.515
Kijontray McClay,-1.515
Daniel Merker,-1.524
Stefan Lemire,-1.527
Luke Lorenz,-1.531
Artem Tarasov,-1.532
Jaryd Reese,-1.533
Petar Tomic,-1.536
Ziad Sultan,-1.547
Gino Delavalle,-1.555
Dawoud Kabli,-1.556
Arjun Watane,-1.560
Carlos do Val,-1.563
Andrew Cahn,-1.565
Felipe Wenzel,-1.576
TJ De Santo,-1.582
Alex Woldmoe,-1.585
Thomas Gans,-1.585
John Tougher,-1.591
Peter Dewitt,-1.593
Tyler Edin,-1.593
Jake De Vries,-1.594
Badr Ouabdelmoumen,-1.594
Zach Lessen,-1.597
Ian Clare,-1.597
Michael Elortegui,-1.601
Michael Sienko,-1.604
Akshay Verma,-1.610
Santiago Salazar,-1.611
Sanjay Goswamy,-1.612
Caio Niel,-1.614
T.J. Morgan,-1.630
Nate Shanok,-1.638
Bernardo Sanson,-1.639
Trevor Gotkowski,-1.642
Daniel Gray,-1.646
Ricky Saad,-1.648
Kasparas Zemaitelis,-1.652
Tony Russell,-1.654
Mario Noboa,-1.655
Cory Seltman,-1.656
Thomas Caputo,-1.656
Gabe Pansera,-1.662
Darius Mackenzie,-1.677
Joey Vatanadilok,-1.683
Ismael Lahlou,-1.692
Roberto Meza,-1.694
Diego Castano,-1.699
Anthony Tsodikov,-1.701
Ben Wood,-1.709
Nick Lang,-1.711
Adam Blasinsky,-1.711
Jason Proctor,-1.713
Maxi Branth,-1.721
Patrik Cvik,-1.731
Ryan Templet,-1.742
Rajanvir Dharni,-1.744
Christian Brockstedt,-1.744
Pol Giraldez,-1.747
Adam Chan,-1.747
Ryan Swanier,-1.751
Thomas Hulme,-1.754
Jorge Wilton,-1.760
Pierre Brondeau,-1.762
Kenzo Kauffmann,-1.767
Pat O'Neill,-1.771
James Aronson,-1.772
Lucas Bombonatti,-1.785
Gilbert Rotich,-1.788
Ming Lao,-1.792
Alex Tropiano,-1.795
Mischa Koran,-1.810
Max Phipps,-1.814
Sean Donohue,-1.820
Patrick Gaffigan,-1.823
Simon Cote,-1.829
Luis Albuquerque,-1.833
Parks Thompson,-1.835
Henry Adams,-1.839
Elliot Johnstone,-1.840
Charlie Parry,-1.843
Grant Thompson,-1.847
Joshua Baily,-1.848
Paul Cook,-1.854
Caleb Troy,-1.858
Alberto Tintoré,-1.866
August Waitman,-1.871
Christian Gonzalez,-1.875
Mitch Granger,-1.877
Nicholas Mitric,-1.878
Alec Wagner,-1.881
Sergio Avella,-1.883
Enrique Samudio,-1.885
Matthew Dean,-1.885
Louis-Philippe Gascon,-1.887
David Bergstrom,-1.891
Peter Molloy,-1.892
David Durham,-1.894
Yehia El Sallaly,-1.895
Szymon Opieczonek,-1.898
Vicente Varas,-1.899
Drew Dawson,-1.901
Billy Weldon,-1.914
Richard Sipala,-1.918
Mateus Moreira,-1.920
Evan Watkins,-1.920
Jordan Kuchta,-1.936
Plamen Avuski,-1.942
Tommy Marx,-1.944
Gus Orlando,-1.945
Matt Helm,-1.956
Mason Keel,-1.964
Xabier Saavedra,-1.965
Joakim Pinola,-1.971
Luke Ness,-1.971
Rodrigo Tico,-1.973
Ty Misialek,-1.976
Mackenzie Stearns,-1.977
John Schubel,-1.977
Ian Glessing,-1.985
Ryan Henderson,-1.990
Connor Oberle,-1.995
Kevin Wong,-2.003
Marko Minic,-2.005
Jake Lazer,-2.010
Carlos Waitman,-2.015
Nils Hallestrand,-2.017
Walker Hefferon,-2.017
Eric Schuemans,-2.018
Trey Crysel,-2.019
Patrick Downs,-2.021
Adam Levie,-2.025
Jordan Hart,-2.026
Eduardo Bringold,-2.034
Chris Matturri,-2.037
Matt Alderson,-2.040
Nicholas Sharwarko,-2.044
Milos Vukicevic,-2.046
Adam Schmidt,-2.049
Max Kane,-2.069
James Jackson,-2.071
Neal Port,-2.071
Daniel Grauel,-2.071
Phillip Raikovic,-2.077
Rares Ispas,-2.077
Joshua Rubinstein,-2.081
Guilherme Gesser,-2.087
Kelly Donaldson,-2.102
Timo Kranz,-2.104
Miljan Ruzic,-2.111
Francisco Del Valle,-2.116
Marcus Vizcarra,-2.121
Colin Buckley,-2.128
Jack McCullers,-2.128
Jackson Varney,-2.132
Aaron Madaris,-2.144
Hans Baumstark,-2.153
Matt Wagner,-2.160
Andrew Graham,-2.167
Niko Vulinovich,-2.172
Jett Cash,-2.175
Matthew Hutchinson,-2.188
Shane Jeffray,-2.193
Matt Phelps,-2.197
Paul Denele,-2.205
Eli Cerdan,-2.206
Ben Gerber,-2.206
Iago Seffrin,-2.208
James Mitchell,-2.212
Adam Salam,-2.212
Alex Woldmoe,-2.213
Greg Olesnycky,-2.215
Nolan Marks,-2.223
Jan Jirus,-2.244
Krishna Jana,-2.247
Matt Dunn,-2.247
Nikola Crvelin,-2.254
Balint Zsidai,-2.254
Marcus Nalley,-2.255
Lorenz Schwab,-2.258
Tim Abbraciamento,-2.260
Peter Bleach,-2.266
Rui Silva,-2.278
Ross Nigro,-2.284
Stephen Goldman,-2.288
Chris Jimenez,-2.291
Y. Dingles,-2.294
Luke Thompson,-2.296
Gonzalo Quintana,-2.298
Alex Howard,-2.301
Ronald Mataba,-2.304
Tyler Burnett,-2.308
Rok Sitar,-2.315
Rhys Richardson,-2.318
N/A Albuerquerque,-2.318
Morgan White,-2.324
Reid Burch,-2.327
Maurizio Feoli,-2.329
Justin Burrus,-2.335
Youssef Sherif,-2.337
Carlos Martinez,-2.343
Nacor Ibanez,-2.346
Jordan Loughnan,-2.347
Thais Minet,-2.349
Luis Gastao,-2.361
Jacob Rother,-2.365
William Szamosszegi,-2.367
Paul Domanski,-2.368
Willem van Biezen,-2.374
Iago Seffrin,-2.385
Oliver Poysti,-2.389
Ethan Ammon,-2.392
Tyler Tossavainen,-2.395
Bruno Russo,-2.398
Jacob Spreyer,-2.408
David Bush,-2.411
Emilio Teran,-2.414
Bradley Noyes,-2.414
Jose Zurro,-2.417
Robert Jenkins,-2.418
Jack Carney,-2.421
Daniel Bernal,-2.441
No Player,-2.445
Charlton Boyd,-2.452
Hari Rohan,-2.453
Valentin Horvat,-2.457
Henrik Munch,-2.460
Win Reynolds,-2.471
Kevin Gates,-2.479
Luke Synn,-2.492
Will True,-2.493
Nicholai Westergaard,-2.494
Andre Baldo,-2.507
Victor Blanco,-2.509
William Goldberg,-2.521
Daniel Populus,-2.524
Frenk Kote,-2.525
Jonathan Edwards,-2.534
Jamey Swiggart,-2.536
Karim Arem,-2.541
Luka Kaic,-2.544
Kyle Hairston,-2.544
Bassem El Makawi,-2.552
Todd Volmari,-2.552
Brody Rodriguez,-2.573
Mathieu Pilote-Schraenen,-2.574
Ruben Vanoppen,-2.574
Jack Haffey,-2.576
Peter Collins,-2.580
Kauai Linardi,-2.581
Justin Pagan,-2.582
Felix Ewers,-2.592
Doug Notaris,-2.598
Michael Rosengren,-2.602
Max Vogt,-2.616
Fredrik Bjerke,-2.620
Jordan Portner,-2.621
Octavio Canibe,-2.621
Danny Moyer,-2.626
Charles Baron,-2.629
Rob Buetti,-2.630
Fabian Woehrl,-2.646
Mike Standifer,-2.646
Christoffer Appelgren,-2.664
Braxton Bates,-2.670
Nikola Pavlovic,-2.676
James Chung,-2.678
Max Renke,-2.684
Marc Adams,-2.690
John Stormans,-2.693
Ismail Kadyrov,-2.693
Rui Silva,-2.693
Trevor Haskell,-2.698
David Hess,-2.706
Pablo Lopez,-2.712
Cassell King,-2.712
Jack Murphy,-2.714
Jalen Evans,-2.726
Ciaran Lavers,-2.728
Aidan Talcott,-2.728
Eric Sumanaru,-2.733
Jonny Higham,-2.740
Grant Maddox,-2.747
Chris Toner,-2.749
Hicham Belkssir,-2.760
Logan Walker,-2.766
Alberto Sanz-Fernandez,-2.766
No Player,-2.772
Brett Cabon,-2.781
Diogo Garnel,-2.782
Andres Estenssoro,-2.786
De'Sean Fennell,-2.791
Connor Leahy,-2.795
Ben Spencer,-2.801
Francis Nadeau,-2.826
Tanner Berkabile,-2.828
Daniel Loebel,-2.845
Andrew O'Connell,-2.849
Austin Kaplan,-2.855
Camilo Patino,-2.877
Daniel Martinez,-2.879
Joe Smithyman,-2.879
Ondre Cargill,-2.882
Nicholas Ramirez,-2.894
Evan Alexander,-2.895
Josh Ryan,-2.908
TJ Desanto,-2.910
Bruno Snyder,-2.914
A. Greig,-2.915
Kyle Burton,-2.919
Max Heerinckx,-2.931
Jarred Thompson,-2.932
Diego Venegas,-2.940
Will Cochrane,-2.954
Bryan Adams,-2.954
Nikhil Mannepalli,-2.959
Kashyap Ashok,-2.988
Ahmed Al-Shawafi,-2.994
Peter Salomon,-2.998
Brett Shriver,-3.003
Brooks Kendall,-3.004
Cameron Amyot,-3.004
Ryan Miller,-3.005
Mate Virag,-3.005
John Nogalski,-3.009
Nischay Rawal,-3.013
Nick Laub,-3.022
Laguna Foster,-3.024
Brian Power,-3.053
Jared Vigen,-3.058
David Constantinescu,-3.059
Mike Furr,-3.067
James Gray,-3.074
Sina Sharifi,-3.079
Lucas Vaz,-3.081
Jose Pestana,-3.081
Jay Joshi,-3.087
Erik Anderson,-3.088
Erick Ward,-3.089
Martin Bedecarratz,-3.094
Sajid Rahman,-3.094
Gabriel Tolesani,-3.097
Vinh Pham,-3.102
Fateh Singh,-3.106
Eric Pontow,-3.118
Dan Rombola,-3.120
Rob Alter,-3.132
Filip Stipcic,-3.138
Karlo Skvorc,-3.146
Chris Popso,-3.163
S Gonkstaris,-3.170
Manuel Belda,-3.190
Max McLean,-3.193
Orin Duffin,-3.204
Luke Thompson,-3.208
Ernesto Arguello,-3.214
Max Montague,-3.216
Daniel Gutierrez,-3.218
Max Peara,-3.221
Timber Erskine,-3.238
Jackson Lee,-3.240
Stephen Miller,-3.242
Alex Bosch,-3.247
George Tioutine,-3.256
Wacil Bendjelti,-3.286
Colin Hart,-3.297
Malik Norris,-3.301
Nicholas Whitehead,-3.320
Diego Asis,-3.321
No Player,-3.326
Zac McEntee,-3.326
Peter O'Donovan,-3.332
Daniel Hansen,-3.336
Cooper Bridge,-3.337
Dylan Karchere-Sun,-3.339
Tamina Kienka,-3.353
Igor Braga,-3.353
Carlos Tejas,-3.354
Terey Hackney,-3.359
Lawson Barter,-3.361
Andre Buchanan-Dempsey,-3.376
Romain Boudaroua,-3.381
Dylan Appel,-3.383
Steed Johnson,-3.391
Nicolas Butler,-3.396
Brian Balico,-3.407
Reginald Robinson,-3.419
Pavels Grigorjevs,-3.423
Jason Burgess,-3.425
Sebastien Mathieu,-3.439
William Jay,-3.449
Jackson Pride,-3.451
Peter Surovic,-3.459
Florian Uffer,-3.461
Calvin Ngo,-3.471
William Jones,-3.474
Daniel Bernal,-3.475
Devin Barber,-3.476
James McManus,-3.485
Brian Pinkard,-3.492
Charlie Volkwein,-3.495
Jabari Stafford,-3.502
Gabriel Pamich,-3.505
Vuk Vukovic,-3.506
Francese Terns,-3.512
Tim Puterio,-3.524
Garry Amor,-3.525
Conor Haughey,-3.529
Anthony Savio,-3.534
L. Sanchez,-3.542
Sam Flaxman,-3.549
Simon Jackermeier,-3.568
Othen Lima,-3.580
Thomas Persico,-3.588
Paul John,-3.595
Evan Ward,-3.597
Digvijay Naruka,-3.620
Dreshaun Jarmon,-3.620
Freddy Quintero,-3.630
Leonardo Vieira,-3.633
Leo Pires,-3.639
Karan Narula,-3.670
Oliver Dedding,-3.672
Austin Racine,-3.674
Jan Dernic,-3.689
Rendelle Burghart,-3.699
Jorge Rodriguez,-3.708
Tom Haile,-3.724
Johan Samuelsson,-3.731
Rohan Wattley,-3.743
William Jou,-3.759
Tim Corwin,-3.774
Troy Benson,-3.779
Jared Woodson,-3.780
William Elmore,-3.783
Kiran Mani,-3.784
Diego Lebron,-3.785
Vishu Prasad,-3.787
Luke Lemieux,-3.791
Brian Stefanowicz,-3.807
Sunay Bhat,-3.809
Anirudh Yadav,-3.809
Jacob Mishkin,-3.814
Alex Romaine,-3.815
Stuart Macleod,-3.826
Brent Wheeler,-3.841
Matt Renzi,-3.859
Paarth Dodhiawala,-3.860
Fedor Shirin,-3.865
James McQueen,-3.865
M. Monray,-3.866
John Wilson IV,-3.873
Jonathan Dingle,-3.874
John Peacey,-3.878
Nico De Fraia,-3.897
Stefan Vojnic,-3.898
Pedro Wagner,-3.904
Daryl Hale,-3.904
Chris Cole,-3.907
Brandon Goldstein,-3.912
Matt Pronesti,-3.917
Sean Frebes,-3.920
Gary Faulcon,-3.926
JJ Tauil,-3.932
Dario Rios,-3.940
Juan Alanis,-3.959
Austin Mayo,-3.969
Gary Notkin,-3.971
Josh Goodwin,-3.992
Jose Zamorano,-3.996
Eduardo Martinez,-3.996
Grant Reiman,-4.005
A. Wade,-4.030
Brandon Stone,-4.032
Ben Tso,-4.036
Miguel Flores,-4.041
David Ogon,-4.053
Lukas Vanzura,-4.067
Dale Fetterman,-4.072
Austin Miller,-4.076
Carlos De La Cruz,-4.096
Gavin Studner,-4.098
Conor Moran,-4.107
Vihar Shah,-4.109
Branden Olcott,-4.109
Patrick Thomas,-4.117
Ian Risenhoover,-4.121
Liam Rodriguez,-4.148
Connor Grady,-4.152
Nathan Greteman,-4.153
Scott Christian,-4.162
Garrett Cona,-4.169
Anjan Kashyab,-4.169
Alex Killam,-4.176
Kamal Patel,-4.178
Joe Diorio,-4.178
Alex Berdnikoff,-4.179
Ignace Warson,-4.185
Tanguy Crosnier,-4.188
Kilian Salgado,-4.192
Peter Colliard,-4.200
Joshua Bailey,-4.214
Brandon Harris,-4.245
Allen Wang,-4.249
Devin James,-4.255
D. Johnson,-4.256
Sam Jankovich,-4.265
Darren Reisch,-4.266
Ryoma Haraguchi,-4.267
Nico Sorrell,-4.293
Mark Miller,-4.295
Agaazi Berhane,-4.303
Matt Bennion,-4.304
Viboosh Chandrasekar,-4.318
Jorge Ortiz-Garcia,-4.327
Jordan Dingle,-4.328
Taylor Wilko,-4.329
Rich DeGregoris,-4.332
Rory Samuels,-4.356
Lakshamana Satchihananthan,-4.356
Marc Sodini,-4.359
Jacob Sheldon,-4.382
Mark Robinson,-4.403
Rosen Ilchev,-4.408
Lachlan Manser,-4.418
Pat O`Shea,-4.434
Myron Davis,-4.450
Lucas Dages,-4.458
Joe Daniels,-4.467
Simon Danyluk,-4.469
Dan Sablik,-4.477
Andrew Dottino,-4.483
Ryan Lugtu,-4.486
Freddy Abunku,-4.500
Joseph Journey,-4.512
Alvaro Santamaria,-4.523
Richie Agarwal,-4.538
M. Winroy,-4.543
Darren Mast,-4.553
Joshua Palmer,-4.554
Jake Mostyn-Kolb,-4.556
Jualon Greig,-4.562
Lucas Whaley,-4.584
Luis Ulloa,-4.592
Sergio Carvajal,-4.611
John Ellis,-4.629
M Suarez,-4.637
Evan Holvoet,-4.644
Parker Goldstien,-4.682
Harold Fowler,-4.698
Matt Funiciello,-4.699
Juan Molina,-4.706
Sacha Singh,-4.717
Edward Butler,-4.724
Alex Castro,-4.730
Joe Bove,-4.732
Peter Odeghami,-4.753
Julian Chavez,-4.767
Alex Sweet,-4.775
Keiston France,-4.799
Fabrice George,-4.809
Aldred Carroll,-4.821
Jimmy Ye,-4.846
Evan Borowski,-4.866
Andrew Proto,-4.889
Gregoire Balenci,-4.894
Trent Reiman,-4.899
Alex Burbine,-4.904
Oliver Bellomi,-4.911
Thomas MacLeod,-4.960
Bharani Sankar,-4.967
Matt Bouggy,-4.983
Federico Mendletta,-4.983
Pedro Alonso,-5.004
Sagar Sathyanarayaman,-5.049
Lucas Krusinski,-5.135
Geoff Tulloch,-5.157
Zack Niklaus,-5.160
Matthew Begley,-5.188
Chris Bunch,-5.218
Chan Ton Phan,-5.235
A. Butler,-5.264
Jeremy Van Herwarde,-5.270
Kyle Scott,-5.287
Ben Teicher,-5.327
Vincius Degani,-5.332
Milos Vukicevic,-5.357
No Player,-5.383
Spencer Nielsen,-5.397
Sebastian Barbero,-5.506
Jorge Rodriguez,-5.527
Miguel Martin,-5.529
Jorge Del Rey Rojas,-5.541
Ryan Templet,-5.562
Jamal Hoyte,-5.590
Jason Ulacio,-5.606
Hernan Geria,-5.631
Louis Tonon,-5.661
A. Carroll,-5.668
Rashley Yeremia,-5.673
Joseph Kavalovski,-5.691
Sebastian Rojas,-5.700
Hawkins Owens,-5.751
Joey Brander,-5.756
Aleks Mitric,-5.762
Zach Wilder,-5.865
Srdjan Troscic,-5.999
Jonathan Paredes,-6.111
Andrew Ginzberg,-6.224
Tyler Flematti,-6.244
Anthony Timberlake,-6.327
Alessandro Saglia,-6.341
Shaheed Mourillon,-6.373
Ross Smith,-6.905
Surya Sawhney,-6.968
Jacob Sanders,-7.079
