rk,school,league,str,ofs,dfs,sos
1,North Carolina,D1,3.89,1.93,-1.96,7.14
2,University of Southern California,D1,3.62,1.81,-1.81,9.87
3,University of Florida,D1,3.60,1.79,-1.81,10.00
4,University of Georgia,D1,3.57,1.78,-1.79,13.55
5,UCLA,D1,3.56,1.78,-1.78,10.24
6,California,D1,3.54,1.77,-1.78,9.53
7,Baylor University,D1,3.49,1.75,-1.74,6.74
8,University of Miami (Florida),D1,3.35,1.67,-1.68,9.04
9,Stanford,D1,3.34,1.67,-1.67,9.66
10,Vanderbilt University,D1,3.29,1.64,-1.65,11.97
11,University of Alabama,D1,3.27,1.63,-1.64,10.76
12,Oklahoma State University,D1,3.13,1.56,-1.58,9.01
13,Texas A&M University,D1,3.13,1.57,-1.56,11.86
14,University of Michigan,D1,3.08,1.53,-1.55,6.37
15,Clemson University,D1,3.05,1.52,-1.53,8.45
16,University of Virginia,D1,2.99,1.50,-1.49,8.75
17,Texas Tech University,D1,2.82,1.40,-1.42,5.92
18,Pepperdine,D1,2.81,1.41,-1.41,7.14
19,Arizona State University,D1,2.75,1.38,-1.37,4.90
20,Ohio State University,D1,2.64,1.32,-1.33,3.99
21,TCU,D1,2.61,1.30,-1.31,7.62
22,University of Mississippi,D1,2.53,1.26,-1.26,5.96
23,Georgia Tech,D1,2.51,1.27,-1.25,8.91
24,University of Kentucky,D1,2.49,1.24,-1.25,6.41
25,Mississippi State University,D1,2.47,1.24,-1.23,3.37
26,Duke University,D1,2.44,1.21,-1.23,7.61
27,University of South Carolina,D1,2.36,1.18,-1.18,4.91
28,Auburn University,D1,2.31,1.16,-1.16,4.60
29,Florida State University,D1,2.25,1.13,-1.12,4.01
30,LSU,D1,2.24,1.13,-1.12,4.35
31,University of Notre Dame,D1,2.17,1.09,-1.08,5.42
32,Wichita State University,D1,2.14,1.07,-1.08,1.91
33,Northwestern University,D1,2.12,1.07,-1.05,7.03
34,Rice University,D1,2.01,1.00,-1.01,5.02
35,Virginia Tech,D1,2.00,1.00,-1.00,4.93
36,Purdue University,D1,1.98,0.98,-1.00,4.59
37,Dartmouth College,D1,1.95,0.97,-0.98,3.52
38,University of Arizona,D1,1.95,0.98,-0.97,2.80
39,University of Oklahoma,D1,1.94,0.97,-0.97,5.30
40,College of William and Mary,D1,1.94,0.97,-0.96,2.83
41,University of Tulsa,D1,1.90,0.95,-0.95,2.51
42,Boston College,D1,1.81,0.90,-0.90,4.85
43,DePaul University,D1,1.80,0.89,-0.91,1.45
44,University of Washington,D1,1.80,0.90,-0.90,4.95
45,University of Texas at Austin,D1,1.78,0.89,-0.89,8.99
46,University of South Alabama,D1,1.77,0.88,-0.89,0.94
47,Princeton University,D1,1.74,0.86,-0.88,4.34
48,Saint Mary's College of California,D1,1.74,0.87,-0.87,4.80
49,Armstrong State University,D2,1.73,0.85,-0.88,0.21
50,University of Houston,D1,1.71,0.86,-0.85,2.56
51,University of Arkansas,D1,1.67,0.84,-0.83,2.94
52,Middle Tennessee State University,D1,1.64,0.82,-0.82,1.32
53,Fresno State,D1,1.56,0.78,-0.79,2.09
54,Wake Forest University,D1,1.55,0.77,-0.77,4.48
55,Long Beach State University,D1,1.51,0.76,-0.75,2.10
56,Columbia University,D1,1.46,0.73,-0.74,3.91
57,"University of Maryland, College Park",D1,1.46,0.73,-0.73,3.80
58,Indiana University-Bloomington,D1,1.42,0.72,-0.71,2.55
59,University of Utah,D1,1.42,0.70,-0.72,5.02
60,Old Dominion University,D1,1.39,0.70,-0.69,2.03
61,Penn State University,D1,1.38,0.69,-0.69,3.95
62,University of Minnesota,D1,1.36,0.68,-0.68,2.01
63,Brown University,D1,1.32,0.66,-0.66,3.60
64,San Jose State University,D1,1.31,0.66,-0.65,2.21
65,University of Oregon,D1,1.28,0.64,-0.64,4.67
66,Syracuse University,D1,1.27,0.64,-0.63,6.49
67,University of Portland,D1,1.26,0.62,-0.64,1.35
68,Harvard University,D1,1.26,0.64,-0.63,4.15
69,Brigham Young University,D1,1.25,0.63,-0.62,3.21
70,Cornell University,D1,1.24,0.61,-0.62,1.54
71,Yale University,D1,1.23,0.60,-0.63,2.67
72,Washington State University,D1,1.20,0.60,-0.60,2.40
73,University of Illinois,D1,1.20,0.60,-0.60,2.72
74,University of Tennessee,D1,1.20,0.60,-0.59,4.83
75,Michigan State University,D1,1.19,0.60,-0.59,2.01
76,University of Memphis,D1,1.19,0.59,-0.60,4.19
77,San Diego State University,D1,1.16,0.59,-0.58,2.91
78,Virginia Commonwealth University,D1,1.16,0.58,-0.58,1.42
79,SMU,D1,1.16,0.58,-0.58,2.12
80,University of Colorado,D1,1.13,0.57,-0.56,2.86
81,Tulane University,D1,1.10,0.54,-0.56,2.38
82,Marshall University,D1,1.09,0.55,-0.54,2.42
83,University of Texas at Arlington,D1,1.07,0.54,-0.53,1.09
84,University of Louisville,D1,1.03,0.52,-0.52,3.08
85,Stony Brook University,D1,1.03,0.50,-0.52,0.43
86,Charleston Southern University,D1,1.01,0.50,-0.51,0.53
87,Drake University,D1,1.01,0.50,-0.51,0.66
88,University of New Mexico,D1,1.00,0.51,-0.49,2.74
89,University of Iowa,D1,0.98,0.50,-0.49,2.80
90,University of Kansas,D1,0.98,0.49,-0.49,3.24
91,University of Denver,D1,0.98,0.49,-0.49,1.52
92,University of North Florida,D1,0.97,0.48,-0.49,0.97
93,University of Nebraska,D1,0.96,0.49,-0.47,2.21
94,"University of Wisconsin, Madison",D1,0.95,0.49,-0.47,1.65
95,"Univ. of Missouri, Columbia",D1,0.95,0.48,-0.47,4.32
96,North Carolina State,D1,0.94,0.48,-0.47,4.36
97,Chattanooga,D1,0.92,0.47,-0.46,0.59
98,Gonzaga University,D1,0.92,0.47,-0.45,1.10
99,Georgia State University,D1,0.92,0.45,-0.47,2.25
100,UC Santa Barbara,D1,0.92,0.45,-0.46,1.95
101,Brigham Young University-Hawaii,D2,0.87,0.43,-0.44,0.06
102,Univ. of San Francisco,D1,0.85,0.42,-0.43,2.32
103,University of Central Florida,D1,0.82,0.42,-0.41,1.54
104,Miami University (Ohio),D1,0.81,0.40,-0.41,1.21
105,East Tennessee State University,D1,0.75,0.38,-0.37,0.57
106,University of South Florida,D1,0.74,0.37,-0.37,3.90
107,Samford University,D1,0.74,0.37,-0.37,1.36
108,University of North Texas,D1,0.70,0.34,-0.36,2.99
109,"Univ. of Hawaii, Manoa",D1,0.69,0.35,-0.34,2.45
110,Cal State Northridge,D1,0.69,0.35,-0.33,1.05
111,Boston University,D1,0.64,0.31,-0.33,0.94
112,Florida International University (FIU),D1,0.62,0.32,-0.31,1.47
113,Liberty University,D1,0.60,0.31,-0.29,0.64
114,"Univ. of Massachusetts, Amherst",D1,0.57,0.28,-0.29,0.84
115,UC Irvine,D1,0.57,0.29,-0.28,1.55
116,Univ. of Wyoming,D1,0.57,0.28,-0.29,1.02
117,University of Pennsylvania,D1,0.56,0.28,-0.28,2.34
118,Univ. of Pittsburgh,D1,0.56,0.28,-0.28,7.10
119,Barry University,D2,0.50,0.25,-0.25,0.35
120,Stetson University,D1,0.48,0.25,-0.23,0.51
121,Sacramento State,D1,0.46,0.23,-0.23,1.30
122,St. John's University,D1,0.45,0.24,-0.22,1.23
123,West Virginia University,D1,0.45,0.23,-0.22,1.52
124,University of Nevada,D1,0.41,0.20,-0.21,0.84
125,ULM (Univ. of Louisiana at Monroe),D1,0.40,0.19,-0.21,0.68
126,University of the Pacific (California),D1,0.39,0.20,-0.19,1.92
127,Xavier University,D1,0.39,0.20,-0.19,0.88
128,Marquette,D1,0.38,0.19,-0.19,0.91
129,Murray State University,D1,0.34,0.17,-0.17,0.30
130,Florida Gulf Coast University,D1,0.33,0.16,-0.17,1.67
131,Iowa State University,D1,0.31,0.14,-0.16,1.65
132,Univ. of Texas at San Antonio,D1,0.30,0.16,-0.14,1.07
133,UAB,D1,0.29,0.14,-0.14,1.90
134,Louisiana Tech University,D1,0.28,0.14,-0.14,1.38
135,Univ. of West Florida,D2,0.28,0.14,-0.13,0.26
136,Santa Clara University,D1,0.27,0.14,-0.14,2.14
137,Texas A&M Corpus-Christi,D1,0.27,0.14,-0.13,0.85
138,Troy University,D1,0.27,0.12,-0.15,0.86
139,Stephen F. Austin,D1,0.27,0.14,-0.13,1.09
140,Coastal Carolina University,D1,0.27,0.13,-0.13,0.57
141,Kansas State,D1,0.26,0.12,-0.14,1.57
142,Boise State University,D1,0.26,0.13,-0.13,1.38
143,Winthrop University,D1,0.25,0.12,-0.13,1.64
144,UC Davis,D1,0.25,0.13,-0.12,0.80
145,East Carolina University,D1,0.24,0.12,-0.12,1.20
146,Saint Leo University,D2,0.24,0.12,-0.12,0.27
147,University of Idaho,D1,0.22,0.11,-0.11,0.67
148,Charlotte,D1,0.22,0.11,-0.11,0.65
149,College of Charleston,D1,0.20,0.11,-0.09,1.67
150,Williams College,D3,0.19,0.08,-0.11,0.18
151,UNLV,D1,0.17,0.09,-0.08,1.83
152,Utah State University,D1,0.16,0.08,-0.08,0.65
153,Elon University,D1,0.15,0.08,-0.07,0.50
154,Grand Canyon University,D1,0.13,0.05,-0.08,0.70
155,Furman University,D1,0.13,0.06,-0.07,1.25
156,Upper Iowa University,D2,0.11,0.04,-0.07,0.03
157,Univ. of Central Arkansas,D1,0.10,0.06,-0.05,0.23
158,Northwestern State University,D1,0.09,0.05,-0.04,0.76
159,University of Connecticut,D1,0.08,0.04,-0.05,0.69
160,Northern Arizona University,D1,0.07,0.03,-0.04,1.01
161,Nicholls State University,D1,0.06,0.04,-0.02,0.84
162,UTEP,D1,0.05,0.02,-0.02,0.49
163,James Madison University,D1,0.04,0.01,-0.03,0.59
164,Columbus State University,D2,0.03,0.02,-0.01,0.21
165,Saint Louis University,D1,0.01,0.01,0.01,0.25
166,Coppin State College,D1,0.00,0.00,0.00,0.29
167,Western Michigan University,D1,-0.01,-0.01,0.01,0.58
168,Temple University,D1,-0.04,-0.02,0.02,0.43
169,University of Richmond,D1,-0.05,-0.02,0.03,0.71
170,University of San Diego,D1,-0.05,-0.02,0.03,2.67
171,Davidson College,D1,-0.08,-0.04,0.04,0.51
172,UNC Wilmington,D1,-0.08,-0.04,0.04,0.77
173,Nova Southeastern University,D2,-0.09,-0.05,0.05,0.24
174,New Mexico State University,D1,-0.09,-0.05,0.04,0.78
175,Ball State University,D1,-0.10,-0.04,0.06,0.57
176,University of Cincinnati,D1,-0.13,-0.06,0.07,0.97
177,Cal State Fullerton,D1,-0.13,-0.06,0.07,1.08
178,Hawaii Pacific University,D2,-0.14,-0.10,0.05,0.24
179,ASA College,NJCAA I,-0.15,-0.08,0.08,0.05
180,Georgetown University,D1,-0.16,-0.08,0.08,0.68
181,Cal Poly,D1,-0.18,-0.09,0.09,1.22
182,U.S. Air Force Academy,D1,-0.18,-0.08,0.10,0.61
183,Loyola Marymount University,D1,-0.20,-0.10,0.10,2.59
184,University of Southern Mississippi,D1,-0.20,-0.10,0.11,0.66
185,Eastern Kentucky University,D1,-0.20,-0.10,0.11,0.41
186,Lynn University,D2,-0.22,-0.10,0.12,0.30
187,University of Toledo,D1,-0.23,-0.12,0.11,0.71
188,St. Mary's University (Texas),D2,-0.23,-0.12,0.12,0.10
189,UNC Greensboro,D1,-0.24,-0.11,0.13,0.59
190,Eastern Michigan University,D1,-0.25,-0.12,0.13,1.17
191,Claremont-Mudd-Scripps,D3,-0.25,-0.12,0.13,0.08
192,University at Buffalo,D1,-0.25,-0.13,0.13,0.63
193,Bethune-Cookman University,D1,-0.26,-0.13,0.12,0.20
194,"Southern Illinois, Carbondale",D1,-0.27,-0.14,0.13,0.58
195,Rutgers University,D1,-0.27,-0.14,0.13,1.49
196,Auburn University Montgomery,NAIA,-0.28,-0.15,0.13,0.07
197,Drexel University,D1,-0.29,-0.14,0.15,0.26
198,Abilene Christian University,D1,-0.29,-0.14,0.15,0.69
199,McNeese State University,D1,-0.30,-0.14,0.16,1.03
200,Western Kentucky University,D1,-0.31,-0.16,0.15,0.96
201,Midwestern State University,D2,-0.32,-0.17,0.15,0.29
202,Univ. of Incarnate Word,D1,-0.32,-0.16,0.16,1.14
203,University of Louisiana,D1,-0.32,-0.16,0.17,1.01
204,Akron,D1,-0.34,-0.17,0.17,0.60
205,Florida Atlantic University,D1,-0.35,-0.17,0.17,0.54
206,Southeastern Louisiana University,D1,-0.35,-0.17,0.18,0.38
207,Fordham University,D1,-0.40,-0.22,0.17,0.67
208,Appalachian State University,D1,-0.41,-0.21,0.20,0.67
209,Emory University,D3,-0.42,-0.22,0.20,0.24
210,New York Institute of Technology,D2,-0.44,-0.23,0.21,0.21
211,University of New Orleans,D1,-0.48,-0.23,0.24,0.59
212,Montana,D1,-0.50,-0.25,0.25,0.64
213,Seton Hall University,D1,-0.51,-0.26,0.26,0.34
214,Northern Illinois University,D1,-0.56,-0.28,0.29,0.34
215,"Southern Illinois, Edwardsville",D1,-0.57,-0.28,0.29,0.29
216,Campbell University,D1,-0.59,-0.30,0.30,0.42
217,Georgia Southern University,D1,-0.60,-0.31,0.29,0.46
218,Northeastern State,D2,-0.60,-0.30,0.30,0.12
219,Creighton University,D1,-0.60,-0.31,0.29,0.23
220,University at Albany,D1,-0.62,-0.30,0.31,0.69
221,Texas State University,D1,-0.62,-0.30,0.32,1.21
222,Towson University,D1,-0.62,-0.31,0.31,0.28
223,Amherst College,D3,-0.65,-0.35,0.30,0.16
224,Lipscomb University,D1,-0.67,-0.33,0.34,0.70
225,University of Detroit Mercy,D1,-0.67,-0.35,0.32,0.43
226,IPFW,D1,-0.68,-0.33,0.34,0.31
227,Univ. of Illinois at Chicago,D1,-0.68,-0.34,0.34,0.39
228,Duquesne University,D1,-0.71,-0.35,0.35,0.56
229,"Univ. of Maryland, Baltimore County",D1,-0.71,-0.35,0.36,0.72
230,Drury University,D2,-0.72,-0.35,0.37,0.09
231,Eastern Illinois University,D1,-0.75,-0.37,0.38,0.26
232,U.S. Naval Academy,D1,-0.77,-0.38,0.39,0.28
233,"Academy of Art University (San Francisco, CA)",D2,-0.78,-0.38,0.40,0.14
234,Cleveland State University,D1,-0.78,-0.38,0.40,0.54
235,George Washington University,D1,-0.78,-0.39,0.40,1.16
236,University of Texas-Pan American,D1,-0.79,-0.40,0.39,0.57
237,Youngstown State University,D1,-0.81,-0.40,0.41,0.40
238,Univ. of Northern Iowa,D1,-0.82,-0.40,0.41,0.47
239,Univ. of Evansville,D1,-0.83,-0.43,0.40,0.38
240,Weber State,D1,-0.84,-0.42,0.42,0.47
241,Lamar University,D1,-0.86,-0.42,0.43,0.59
242,Arkansas State University,D1,-0.86,-0.42,0.44,0.70
243,Middlebury College,D3,-0.87,-0.44,0.43,0.19
244,Colorado State University,D1,-0.89,-0.45,0.44,0.98
245,Binghamton University,D1,-0.89,-0.45,0.45,0.64
246,Flagler (Fla.),D2,-0.90,-0.44,0.45,0.23
247,Georgia College,D2,-0.91,-0.47,0.44,0.21
248,University of Tennessee at Martin,D1,-0.91,-0.46,0.45,0.39
249,Portland State University,D1,-0.92,-0.45,0.47,0.33
250,Providence College,D1,-0.94,-0.48,0.46,0.40
251,Saint Joseph's University,D1,-0.97,-0.49,0.48,0.45
252,Wright State University,D1,-0.97,-0.48,0.49,0.19
253,Bradley University,D1,-0.99,-0.49,0.50,0.34
254,Univ. of Dayton,D1,-1.01,-0.50,0.51,0.36
255,Eastern Washington University,D1,-1.02,-0.50,0.51,0.87
256,Long Island University (Brooklyn),D1,-1.03,-0.53,0.51,0.26
257,UC San Diego,D2,-1.07,-0.53,0.54,0.31
258,Radford University,D1,-1.08,-0.55,0.53,0.62
259,Bowdoin College,D3,-1.10,-0.59,0.52,0.16
260,Univ. of Northern Colorado,D1,-1.10,-0.56,0.54,0.55
261,Johns Hopkins University,D3,-1.14,-0.61,0.54,0.13
262,Montana State University-Bozeman,D1,-1.16,-0.59,0.56,0.88
263,Presbyterian College,D1,-1.18,-0.59,0.59,0.23
264,Sam Houston State University,D1,-1.18,-0.59,0.59,0.67
265,Grand Valley State University,D2,-1.18,-0.61,0.57,0.08
266,Lindsey Wilson (Ky.),NAIA,-1.18,-0.58,0.60,0.08
267,McKendree University (Ill.),D2,-1.19,-0.59,0.60,0.02
268,Embry-Riddle (Fla.),NAIA,-1.19,-0.59,0.60,0.06
269,Seattle University,D1,-1.20,-0.62,0.58,0.67
270,Pomona-Pitzer Colleges,D3,-1.21,-0.58,0.62,0.10
271,Kennesaw State University,D1,-1.21,-0.60,0.61,0.85
272,Northwood (Fla.),NAIA,-1.21,-0.62,0.60,0.12
273,Georgia Gwinnett College,NAIA,-1.22,-0.61,0.61,0.14
274,Missouri State University,D1,-1.24,-0.62,0.62,0.59
275,North Carolina Central University,D1,-1.25,-0.64,0.62,0.39
276,Lehigh University,D1,-1.26,-0.64,0.62,0.29
277,South Dakota State,D1,-1.27,-0.64,0.63,0.21
278,Shorter University,D2,-1.27,-0.63,0.64,0.17
279,Azusa Pacific University,D2,-1.28,-0.64,0.64,0.17
280,Quinnipiac University,D1,-1.28,-0.66,0.62,0.21
281,"Southern University, Baton Rouge",D1,-1.29,-0.65,0.64,0.21
282,Morgan State University,D1,-1.29,-0.65,0.64,1.04
283,U.S. Military Academy,D1,-1.31,-0.64,0.66,0.79
284,Wofford,D1,-1.31,-0.66,0.65,0.37
285,University of Rhode Island,D1,-1.33,-0.67,0.66,0.25
286,Tyler JC,NJCAA I,-1.33,-0.68,0.65,0.12
287,UMKC,D1,-1.36,-0.68,0.68,0.29
288,Longwood University,D1,-1.38,-0.69,0.69,0.31
289,Northwood University (Mich.),D2,-1.39,-0.69,0.69,0.04
290,"University of South Carolina, Upstate",D1,-1.39,-0.69,0.70,0.61
291,Niagara University,D1,-1.41,-0.69,0.72,0.24
292,Belmont University,D1,-1.43,-0.71,0.72,0.39
293,Villanova University,D1,-1.44,-0.72,0.72,0.53
294,Fairleigh Dickinson University,D1,-1.45,-0.72,0.74,0.33
295,Queens University of Charlotte,D2,-1.46,-0.73,0.73,0.05
296,Rollins College,D2,-1.46,-0.73,0.74,0.26
297,Dallas Baptist (Texas),D2,-1.47,-0.73,0.73,0.10
298,Bryant University,D1,-1.47,-0.76,0.71,0.40
299,Florida Tech,D2,-1.48,-0.75,0.73,0.09
300,University of Delaware,D1,-1.48,-0.73,0.75,0.46
301,Butler University,D1,-1.48,-0.74,0.74,0.62
302,MIT,D3,-1.50,-0.77,0.73,0.14
303,Gardner-Webb University,D1,-1.51,-0.75,0.76,0.51
304,Cal State L.A.,D2,-1.53,-0.76,0.77,0.20
305,University of South Dakota,D1,-1.53,-0.78,0.76,0.15
306,Idaho State University,D1,-1.53,-0.76,0.78,0.96
307,Newman University,D2,-1.54,-0.77,0.77,0.09
308,Jacksonville State University,D1,-1.54,-0.77,0.77,0.62
309,Arkansas Tech University,D2,-1.55,-0.80,0.75,0.03
310,Morehead State University,D1,-1.55,-0.78,0.77,0.70
311,Siena College,D1,-1.56,-0.77,0.78,0.14
312,Wingate University,D2,-1.56,-0.77,0.79,0.09
313,UC Riverside,D1,-1.57,-0.78,0.78,0.66
314,"Univ. of Wisconsin, Milwaukee",D1,-1.59,-0.78,0.81,0.78
315,Erskine College,D2,-1.59,-0.80,0.79,0.03
316,St. Edward's University,D2,-1.59,-0.79,0.80,0.20
317,South Carolina State,D1,-1.60,-0.79,0.81,0.86
318,Queens College (New York),D2,-1.61,-0.81,0.81,0.12
319,Univ. of Chicago,D3,-1.62,-0.83,0.79,0.12
320,Western Carolina University,D1,-1.63,-0.82,0.81,0.29
321,Washington & Lee University,D3,-1.64,-0.82,0.81,0.07
322,St. Francis Univ. (Pennsylvania),D1,-1.64,-0.82,0.82,0.25
323,Southwest Baptist,D2,-1.64,-0.83,0.82,0.08
324,Concordia College (New York),D2,-1.65,-0.83,0.82,0.25
325,Point Loma Nazarene University (Calif.),D2,-1.67,-0.83,0.84,0.35
326,Indiana University of Pennsylvania,D2,-1.68,-0.85,0.83,0.05
327,Francis Marion University,D2,-1.70,-0.85,0.85,0.12
328,University of the Incarnate Word,D2,-1.70,-0.84,0.86,0.11
329,"State College of Florida, Manatee-Sarasota",NJCAA I,-1.70,-0.86,0.84,0.04
330,Xavier University of Louisiana,NAIA,-1.71,-0.86,0.85,0.09
331,Carnegie Mellon University,D3,-1.72,-0.87,0.84,0.16
332,Oakland University,D1,-1.74,-0.88,0.86,0.48
333,George Mason University,D1,-1.75,-0.89,0.85,0.13
334,Univ. of North Dakota,D1,-1.75,-0.88,0.87,0.62
335,Hofstra University,D1,-1.75,-0.89,0.87,0.25
336,Univ. of the South,D3,-1.76,-0.90,0.86,0.04
337,Wesleyan University,D3,-1.77,-0.89,0.88,0.08
338,St. Bonaventure University,D1,-1.77,-0.87,0.89,0.26
339,Wayne State (MI),D2,-1.77,-0.89,0.88,0.04
340,Tusculum College,D2,-1.77,-0.89,0.88,0.05
341,Howard University,D1,-1.78,-0.89,0.89,0.27
342,Washington University in St. Louis,D3,-1.79,-0.91,0.88,0.09
343,Univ. of Indianapolis,D2,-1.79,-0.89,0.91,0.09
344,Alcorn State University,D1,-1.81,-0.91,0.90,0.23
345,Mercer University,D1,-1.83,-0.91,0.92,0.75
346,Norfolk State University,D1,-1.83,-0.92,0.91,0.15
347,Illinois State University,D1,-1.84,-0.92,0.92,0.71
348,Case Western Reserve University,D3,-1.84,-0.92,0.92,0.06
349,Palm Beach Atlantic (Fla.),D2,-1.86,-0.94,0.92,0.12
350,Sonoma State University,D2,-1.87,-0.94,0.94,0.05
351,Pfeiffer University,D2,-1.87,-0.93,0.95,0.03
352,California University of Pennsylvania,D2,-1.88,-0.93,0.96,0.14
353,Limestone College,D2,-1.90,-0.95,0.95,0.03
354,Univ. of Redlands,D3,-1.91,-0.95,0.96,0.07
355,"University of Arkansas, Fort Smith",D2,-1.91,-0.95,0.97,0.26
356,Lander University,D2,-1.92,-0.96,0.97,0.16
357,Oral Roberts University,D1,-1.93,-0.96,0.97,0.24
358,Sacred Heart University,D1,-1.93,-0.99,0.94,0.30
359,Southern Utah University,D1,-1.94,-0.96,0.98,0.39
360,Valdosta State University,D2,-1.95,-0.97,0.97,0.26
361,Goldey-Beacom College,D2,-1.97,-0.98,0.99,0.02
362,NJIT,D1,-1.97,-0.99,0.99,0.57
363,Chicago State University,D1,-1.98,-1.00,0.98,0.41
364,GRU Augusta,D2,-2.00,-0.99,1.00,0.11
365,Cameron University,D2,-2.01,-1.00,1.01,0.10
366,Cardinal Strich University,NAIA,-2.01,-1.02,0.99,0.03
367,Hope College,D3,-2.02,-1.02,1.01,0.03
368,Colgate University,D1,-2.03,-1.04,0.98,0.08
369,Univ. of Nebraska at Kearney,D2,-2.03,-1.02,1.01,0.05
370,UNC Asheville,D1,-2.05,-1.02,1.04,0.36
371,Bowling Green State University,D1,-2.07,-1.03,1.04,0.83
372,Northwest Missouri State,D2,-2.07,-1.04,1.04,0.07
373,University of Mary Washington,D3,-2.08,-1.03,1.05,0.03
374,Florida A&M University,D1,-2.08,-1.06,1.02,0.19
375,Brenau University (Ga.),NAIA,-2.10,-1.07,1.03,0.04
376,"Nebraska, Omaha",D1,-2.10,-1.06,1.04,0.23
377,DePauw University,D3,-2.10,-1.04,1.06,0.09
378,University of Tampa,D2,-2.11,-1.04,1.07,0.14
379,Young Harris College,D2,-2.11,-1.05,1.06,0.09
380,Clayton State University,D2,-2.11,-1.04,1.07,0.12
381,Chestnut Hill College,D2,-2.11,-1.05,1.06,0.09
382,Austin Peay State University,D1,-2.12,-1.05,1.06,0.64
383,Augustana College (South Dakota),D2,-2.15,-1.08,1.06,0.06
384,Saginaw Valley State University,D2,-2.16,-1.09,1.06,0.09
385,Bucknell University,D1,-2.16,-1.09,1.07,0.29
386,Trinity University (Texas),D3,-2.17,-1.09,1.08,0.11
387,Jackson State University,D1,-2.17,-1.10,1.08,0.75
388,West Virginia State University,D2,-2.18,-1.10,1.08,0.14
389,Fairfield University,D1,-2.18,-1.08,1.10,0.23
390,University of North Georgia,D2,-2.20,-1.10,1.10,0.08
391,"Anderson University, South Carolina",D2,-2.21,-1.10,1.11,0.04
392,Westmont College,NAIA,-2.21,-1.11,1.11,0.06
393,Northern Kentucky University,D1,-2.22,-1.11,1.11,0.40
394,IUPUI,D1,-2.22,-1.13,1.10,0.17
395,"Univ. of South Carolina, Aiken",D2,-2.25,-1.12,1.13,0.12
396,Alabama State University,D1,-2.27,-1.14,1.13,0.12
397,Denison University,D3,-2.27,-1.14,1.14,0.03
398,Ferris State University,D2,-2.29,-1.15,1.14,0.07
399,Tufts University,D3,-2.31,-1.15,1.16,0.13
400,"Texas A&M, Kingsville",D2,-2.35,-1.19,1.16,0.06
401,"Univ. of Wisconsin, Whitewater",D3,-2.36,-1.19,1.16,0.01
402,Wagner College,D1,-2.37,-1.18,1.19,0.75
403,La Salle University,D1,-2.37,-1.18,1.19,0.36
404,Skidmore College,D3,-2.37,-1.20,1.17,0.09
405,Southeastern Oklahoma State,D2,-2.38,-1.18,1.19,0.13
406,Southern Nazarene (Okla.),D2,-2.38,-1.19,1.20,0.08
407,Florida Southern College,D2,-2.41,-1.21,1.20,0.19
408,Marist College,D1,-2.43,-1.21,1.22,0.57
409,Vassar College,D3,-2.45,-1.23,1.21,0.04
410,Lewis University,D2,-2.45,-1.21,1.24,0.07
411,Babson College,D3,-2.48,-1.22,1.26,0.13
412,Tiffin University,D2,-2.49,-1.28,1.21,0.04
413,Univ. of Alabama in Huntsville,D2,-2.49,-1.24,1.25,0.07
414,Willamette University,D3,-2.50,-1.25,1.26,0.02
415,Newberry College,D2,-2.51,-1.26,1.25,0.04
416,Monmouth University,D1,-2.53,-1.26,1.27,0.31
417,Univ. of North Alabama,D2,-2.53,-1.26,1.28,0.05
418,Whitman College,D3,-2.54,-1.27,1.27,0.05
419,East Central University (Oklahoma),D2,-2.57,-1.29,1.28,0.09
420,Emporia State University,D2,-2.58,-1.29,1.29,0.07
421,Arizona Christian University,NAIA,-2.58,-1.28,1.30,0.04
422,Loyola College (Maryland),D1,-2.61,-1.30,1.32,0.35
423,"Univ. of Missouri, St. Louis",D2,-2.64,-1.32,1.33,0.06
424,Southeast Missouri State,D1,-2.66,-1.32,1.34,0.46
425,Delaware State University,D1,-2.69,-1.33,1.35,0.03
426,Carleton College,D3,-2.69,-1.33,1.35,0.01
427,Valparaiso University,D1,-2.70,-1.34,1.36,0.29
428,Univ. of La Verne,D3,-2.73,-1.36,1.37,0.05
429,Tarleton State University,D2,-2.74,-1.38,1.36,0.09
430,Lewis-Clark State College (Idaho),NAIA,-2.76,-1.38,1.37,0.42
431,Olivet Nazarene (Ill.),NAIA,-2.76,-1.37,1.38,0.04
432,University of Central Oklahoma,D2,-2.76,-1.38,1.38,0.09
433,Oklahoma Baptist,NAIA,-2.77,-1.37,1.40,0.08
434,North Carolina Wesleyan,D3,-2.80,-1.41,1.39,0.01
435,Lincoln Memorial University,D2,-2.80,-1.39,1.41,0.06
436,Univ. of Montevallo,D2,-2.80,-1.39,1.40,0.06
437,Roberts Wesleyan (N.Y.),D2,-2.81,-1.42,1.38,0.01
438,University of West Alabama,D2,-2.81,-1.41,1.41,0.06
439,Slippery Rock Univ. of Pennsylvania,D2,-2.82,-1.41,1.41,0.03
440,Southern New Hampshire University,D2,-2.84,-1.42,1.42,0.13
441,Mount Olive College,D2,-2.85,-1.42,1.43,0.02
442,Harding University,D2,-2.86,-1.44,1.41,0.06
443,Western New Mexico University,D2,-2.86,-1.45,1.41,0.10
444,Rockhurst University,D2,-2.87,-1.44,1.43,0.06
445,University of St. Thomas,D3,-2.91,-1.45,1.45,0.01
446,Wellesley College,D3,-2.92,-1.48,1.43,0.03
447,Colorado Mesa University,D2,-2.96,-1.51,1.46,0.07
448,Walsh (Ohio),D2,-2.97,-1.50,1.47,0.09
449,"Univ. of Texas, Permian Basin",D2,-2.97,-1.49,1.49,0.15
450,Milligan (Tenn.),NAIA,-2.97,-1.53,1.44,0.02
451,Henderson State University,D2,-2.97,-1.50,1.48,0.11
452,St. Lawrence University,D3,-2.99,-1.51,1.48,0.02
453,Whitworth University,D3,-3.01,-1.50,1.51,0.03
454,Mercyhurst University,D2,-3.02,-1.49,1.53,0.04
455,Chowan University,D2,-3.03,-1.52,1.51,0.01
456,Brandeis University,D3,-3.04,-1.52,1.52,0.06
457,St. Olaf College,D3,-3.05,-1.53,1.51,0.01
458,Bates College,D3,-3.06,-1.52,1.54,0.08
459,Savannah State University,D1,-3.07,-1.54,1.53,0.38
460,Lafayette College,D1,-3.07,-1.53,1.53,0.30
461,Prairie View A&M University,D1,-3.08,-1.54,1.54,0.43
462,Coker College,D2,-3.08,-1.55,1.53,0.08
463,Lindenwood (Mo.),D2,-3.09,-1.54,1.55,0.11
464,Evangel (Mo.),NAIA,-3.10,-1.56,1.54,0.05
465,Mount San Antonio College,SCCC,-3.10,-1.55,1.55,0.01
466,Linfield College,D3,-3.10,-1.56,1.54,0.04
467,Stillman College,D2,-3.11,-1.56,1.55,0.00
468,UNC Pembroke,D2,-3.11,-1.55,1.56,0.12
469,Davenport University,NAIA,-3.12,-1.57,1.55,0.05
470,State University of New York at Geneseo,D3,-3.12,-1.60,1.52,0.03
471,Savannah College of Art & Design,NAIA,-3.13,-1.57,1.55,0.13
472,Carson-Newman College,D2,-3.13,-1.56,1.57,0.03
473,Lewis and Clark College (OR),D3,-3.14,-1.58,1.56,0.04
474,Aquinas College (Mich),NAIA,-3.15,-1.60,1.54,0.04
475,Southeastern University,NAIA,-3.15,-1.56,1.59,0.02
476,Chapman University,D3,-3.15,-1.57,1.58,0.06
477,St. Peter's University,D1,-3.15,-1.57,1.58,0.14
478,College of New Jersey,D3,-3.16,-1.57,1.59,0.02
479,Florida State College at Jacksonville,NJCAA I,-3.17,-1.57,1.59,0.02
480,McMurry University,D3,-3.17,-1.59,1.58,0.01
481,Maryville University of Saint Louis,D2,-3.18,-1.59,1.59,0.03
482,University of Sioux Falls,D2,-3.19,-1.61,1.58,0.08
483,Hampton University,D1,-3.20,-1.61,1.58,0.37
484,Lee University,D2,-3.21,-1.62,1.59,0.04
485,Bellarmine University,D2,-3.22,-1.62,1.60,0.05
486,"Univ. of Wisconsin, La Crosse",D3,-3.22,-1.63,1.59,0.01
487,University of Northwestern Ohio,NAIA,-3.23,-1.61,1.62,0.07
488,William Jewell (Mo.),D2,-3.25,-1.62,1.63,0.07
489,The University of Texas at Tyler,D3,-3.25,-1.64,1.61,0.02
490,North Central Texas College,NJCAA I,-3.26,-1.63,1.63,0.01
491,Georgetown College,NAIA,-3.28,-1.65,1.63,0.01
492,Concordia University (Irvine),NAIA,-3.28,-1.64,1.64,0.06
493,Trinity College (Connecticut),D3,-3.29,-1.64,1.65,0.09
494,Oberlin College,D3,-3.30,-1.65,1.65,0.03
495,Washington College (Maryland),D3,-3.31,-1.64,1.67,0.01
496,Birmingham-Southern College,D3,-3.32,-1.65,1.67,0.01
497,Colorado State University-Pueblo,D2,-3.32,-1.67,1.65,0.05
498,College of Coastal Georgia,NAIA,-3.32,-1.67,1.65,0.08
499,Quincy University,D2,-3.33,-1.68,1.65,0.05
500,Indiana Wesleyan,NAIA,-3.33,-1.66,1.68,0.10
501,Salisbury University,D3,-3.34,-1.66,1.67,0.01
502,Univ. of Charleston (West Virginia),D2,-3.34,-1.68,1.65,0.03
503,Missouri Western State University,D2,-3.36,-1.67,1.69,0.07
504,Cowley County Community College,NJCAA I,-3.37,-1.71,1.67,0.03
505,Hanover College,D3,-3.37,-1.68,1.69,0.00
506,Washburn University,D2,-3.38,-1.69,1.68,0.07
507,Manhattan College,D1,-3.38,-1.69,1.68,0.12
508,Ursuline College,D2,-3.38,-1.69,1.69,0.01
509,Univ. of the Sciences (Pa.),D2,-3.38,-1.69,1.69,0.01
510,Adelphi University,D2,-3.38,-1.69,1.69,0.02
511,Cheyney University,D2,-3.38,-1.69,1.69,0.02
512,Pacific University (Oregon),D3,-3.39,-1.69,1.70,0.02
513,Assumption College,D2,-3.39,-1.74,1.66,0.08
514,Seminole State College (Oklahoma),NJCAA I,-3.42,-1.73,1.70,0.03
515,Jones County Junior College,NJCAA I,-3.43,-1.72,1.71,0.00
516,Mississippi College,D2,-3.43,-1.71,1.72,0.04
517,Riverside City College,SCCC,-3.44,-1.72,1.72,0.01
518,University of West Georgia,D2,-3.44,-1.73,1.71,0.02
519,Saint Petersburg College,NJCAA I,-3.44,-1.73,1.71,0.02
520,West Liberty University,D2,-3.46,-1.75,1.71,0.04
521,Christopher Newport University,D3,-3.47,-1.73,1.74,0.01
522,Campbellsville University (Ky.),NAIA,-3.47,-1.74,1.73,0.02
523,Metropolitan State College of Denver,D2,-3.48,-1.73,1.75,0.07
524,Kalamazoo College,D3,-3.49,-1.74,1.75,0.01
525,Glendale College (Calif.),SCCC,-3.50,-1.74,1.75,0.01
526,Vanguard University of Southern California,NAIA,-3.50,-1.74,1.75,0.13
527,Middle Georgia State College,NAIA,-3.50,-1.77,1.73,0.02
528,Holy Names University,D2,-3.51,-1.75,1.75,0.02
529,William Carey University,NAIA,-3.52,-1.79,1.73,0.13
530,Cumberlands (Ky.),NAIA,-3.52,-1.75,1.77,0.12
531,Wilkes University,D3,-3.55,-1.80,1.75,0.00
532,Delta State University,D2,-3.55,-1.79,1.77,0.09
533,Berry College (Ga.),D3,-3.56,-1.80,1.76,0.01
534,Catawba College,D2,-3.57,-1.79,1.77,0.04
535,Haverford College,D3,-3.57,-1.81,1.76,0.01
536,Broward College,NJCAA I,-3.57,-1.78,1.79,0.04
537,Mount St. Mary's University,D1,-3.58,-1.82,1.76,0.33
538,St. Catherine University,D3,-3.60,-1.79,1.80,0.01
539,Randolph-Macon College,D3,-3.62,-1.81,1.81,0.01
540,Hardin-Simmons University,D3,-3.63,-1.82,1.80,0.02
541,Centre College,D3,-3.63,-1.80,1.83,0.01
542,Lenoir-Rhyne University,D2,-3.65,-1.84,1.81,0.04
543,Dalton State College,NAIA,-3.66,-1.86,1.80,0.09
544,Fort Hays State University,D2,-3.66,-1.83,1.84,0.05
545,Texas Lutheran University,D3,-3.67,-1.82,1.84,0.01
546,Dixie State University,D2,-3.67,-1.84,1.83,0.02
547,"Univ. of Wisconsin, Green Bay",D1,-3.67,-1.82,1.85,0.17
548,Eckerd College,D2,-3.67,-1.82,1.86,0.08
549,Western Illinois University,D1,-3.68,-1.83,1.84,0.18
550,Virginia State University,D2,-3.68,-1.84,1.84,0.01
551,Spring Arbor (Mich.),NAIA,-3.68,-1.86,1.82,0.08
552,Edinboro University,D2,-3.69,-1.85,1.84,0.04
553,Mars Hill University,D2,-3.69,-1.84,1.85,0.05
554,Univ. of Southern Indiana,D2,-3.71,-1.87,1.84,0.05
555,Carthage College,D3,-3.72,-1.90,1.82,0.01
556,Cal State Stanislaus,D2,-3.72,-1.86,1.87,0.16
557,Merrimack College,D2,-3.73,-1.88,1.85,0.08
558,Stonehill College,D2,-3.75,-1.87,1.88,0.39
559,Ohio Northern University,D3,-3.75,-1.86,1.89,0.01
560,Hillsdale College,D2,-3.76,-1.88,1.88,0.99
561,Le Moyne College,D2,-3.77,-1.87,1.90,0.04
562,North Greenville University (S.C.),D2,-3.78,-1.89,1.89,0.03
563,Cumberland (Tenn.),NAIA,-3.79,-1.91,1.88,0.05
564,Cabrini College,D3,-3.80,-1.90,1.90,0.01
565,"Minnesota State University, Moorhead",D2,-3.81,-1.92,1.89,0.01
566,Methodist University,D3,-3.82,-1.93,1.89,0.01
567,Southwest Minnesota State University,D2,-3.83,-1.92,1.91,0.03
568,University of Rochester,D3,-3.83,-1.91,1.92,0.03
569,Benedict College (S.C.),D2,-3.85,-1.92,1.93,0.01
570,William Smith College,D3,-3.87,-1.94,1.94,0.01
571,Post University,D2,-3.87,-1.94,1.94,0.86
572,California Lutheran University,D3,-3.88,-1.94,1.94,0.05
573,Whittier College,D3,-3.90,-1.96,1.94,0.06
574,Belhaven (Miss.),NAIA,-3.90,-1.96,1.94,0.01
575,Dominican University of California,D2,-3.90,-1.95,1.96,0.04
576,Abraham Baldwin Agricultural College,NJCAA I,-3.91,-1.95,1.96,0.02
577,Holy Cross,D1,-3.91,-1.92,1.99,0.10
578,Cerritos College,SCCC,-3.91,-1.95,1.96,0.01
579,Simmons College,D3,-3.92,-1.97,1.95,0.02
580,Shaw University,D2,-3.95,-1.97,1.98,0.01
581,College of Idaho,NAIA,-3.95,-1.97,1.97,0.06
582,Augustana College (Illinois),D3,-3.97,-2.00,1.98,0.01
583,West Chester Univ. of Pennsylvania,D2,-3.98,-2.00,1.97,0.01
584,St. Norbert College,D3,-3.99,-2.01,1.98,0.01
585,Rider University,D1,-4.00,-2.00,2.00,0.18
586,Brevard College,D2,-4.01,-2.01,2.00,0.07
587,Morningside College,NAIA,-4.01,-2.04,1.97,0.01
588,Coe College,D3,-4.01,-2.00,2.00,0.01
589,Wheaton College (Illinois),D3,-4.01,-2.03,1.99,0.01
590,Hamilton College,D3,-4.03,-2.03,2.00,0.02
591,Univ. of District of Columbia,D2,-4.05,-2.01,2.04,0.07
592,Gustavus Adolphus College,D3,-4.06,-2.02,2.04,0.02
593,Colorado College,D3,-4.06,-2.04,2.02,0.02
594,Northwestern College (Minn.),D3,-4.06,-2.03,2.03,0.01
595,Allegheny College,D3,-4.06,-2.06,2.01,0.01
596,Itawamba Community College,NJCAA I,-4.07,-2.03,2.04,0.01
597,San Diego Christian College,NAIA,-4.08,-2.04,2.04,0.02
598,New York University,D3,-4.08,-2.03,2.05,0.02
599,Ashland University,D2,-4.09,-2.07,2.02,0.02
600,Schreiner (Texas),D3,-4.09,-2.04,2.05,0.01
601,Southwestern College (Kansas),NAIA,-4.10,-2.06,2.04,0.01
602,Alabama A&M University,D1,-4.11,-2.06,2.04,0.42
603,Truman State University,D2,-4.13,-2.06,2.06,0.13
604,Millsaps College,D3,-4.13,-2.06,2.07,0.02
605,Elmira College,D3,-4.13,-2.04,2.09,0.02
606,Franklin & Marshall,D3,-4.13,-2.08,2.05,0.02
607,The University of Texas at Dallas,D3,-4.14,-2.06,2.08,0.02
608,Connecticut College,D3,-4.14,-2.09,2.05,0.02
609,Martin Methodist (Tenn.),NAIA,-4.15,-2.12,2.03,0.08
610,Tennessee State University,D1,-4.15,-2.07,2.08,0.44
611,Lake Superior State University,D2,-4.16,-2.08,2.08,0.03
612,Santa Barbara City College,SCCC,-4.17,-2.08,2.09,0.00
613,University of Hartford,D1,-4.17,-2.08,2.09,0.37
614,Sweet Briar College,D3,-4.17,-2.09,2.08,0.01
615,Pacific Lutheran University,D3,-4.18,-2.09,2.10,0.03
616,Muhlenberg College,D3,-4.19,-2.08,2.11,0.02
617,Philadelphia University,D2,-4.19,-2.11,2.09,0.04
618,Mount Holyoke College,D3,-4.19,-2.08,2.11,0.01
619,Univ. of Findlay,D2,-4.20,-2.10,2.11,0.16
620,Michigan Technological University,D2,-4.21,-2.14,2.07,0.06
621,College of Saint Benedict,D3,-4.21,-2.12,2.10,0.02
622,Clark Atlanta University,D2,-4.22,-2.13,2.09,0.04
623,George Fox University,D3,-4.23,-2.11,2.12,0.04
624,Winona State University,D2,-4.24,-2.14,2.10,0.06
625,New Mexico Military Institute,NJCAA I,-4.25,-2.13,2.11,0.01
626,Rensselaer Polytechnic Institute,D3,-4.27,-2.13,2.14,0.02
627,Ottawa University,NAIA,-4.28,-2.15,2.12,0.01
628,Savannah College of Art & Design (Atlanta),NAIA,-4.28,-2.14,2.14,0.04
629,Mount Union College,D3,-4.28,-2.16,2.12,0.01
630,McPherson College,NAIA,-4.28,-2.14,2.15,0.03
631,Kenyon College,D3,-4.28,-2.14,2.14,0.04
632,Elizabethtown College,D3,-4.29,-2.17,2.12,0.01
633,UC Santa Cruz,D3,-4.30,-2.14,2.16,0.06
634,Marian Univ. (Ind.),NAIA,-4.31,-2.17,2.14,0.01
635,Roanoke College,D3,-4.31,-2.16,2.15,0.01
636,Ouachita Baptist,D2,-4.31,-2.16,2.15,0.08
637,Luther College,D3,-4.31,-2.19,2.11,0.03
638,Barton College (NC),D2,-4.32,-2.16,2.16,0.02
639,Huntingdon College(Ala.),D3,-4.32,-2.16,2.16,0.00
640,Santa Monica College,SCCC,-4.33,-2.16,2.17,0.00
641,Irvine Valley College,SCCC,-4.33,-2.16,2.17,0.01
642,Christian Brothers University,D2,-4.33,-2.16,2.17,0.08
643,Univ. of Arkansas Pine Bluff,D1,-4.34,-2.18,2.17,0.29
644,Baker University (Kan.),NAIA,-4.36,-2.18,2.17,0.01
645,Meredith College,D3,-4.39,-2.19,2.20,0.01
646,Concordia College,D2,-4.39,-2.19,2.20,0.34
647,California Institute of Technology,D3,-4.40,-2.20,2.20,0.03
648,Rhodes College,D3,-4.41,-2.23,2.18,0.02
649,Bethel College (Kansas),NAIA,-4.41,-2.21,2.20,0.03
650,Stockton University,D3,-4.41,-2.25,2.16,0.01
651,El Camino College,SCCC,-4.42,-2.20,2.21,0.01
652,Cornell College,D3,-4.42,-2.24,2.17,0.01
653,Georgia Southwestern State,D2,-4.42,-2.20,2.22,0.12
654,Otterbein College,D3,-4.42,-2.22,2.21,0.01
655,Eastern Arizona College,NJCAA I,-4.43,-2.22,2.22,0.01
656,Catholic University of America,D3,-4.43,-2.23,2.20,0.01
657,Bluefield State College,D2,-4.46,-2.20,2.26,0.08
658,Grossmont College,SCCC,-4.46,-2.23,2.24,0.00
659,Agnes Scott,D3,-4.47,-2.23,2.24,0.01
660,College of the Desert,SCCC,-4.47,-2.23,2.24,0.02
661,Laredo Community College,NJCAA I,-4.48,-2.25,2.23,0.05
662,Ursinus College,D3,-4.49,-2.25,2.24,0.01
663,Kansas Wesleyan,NAIA,-4.49,-2.27,2.23,0.02
664,Eastern Florida State College,NJCAA I,-4.50,-2.24,2.26,0.02
665,Columbia College (S.C.),NAIA,-4.50,-2.25,2.25,0.03
666,Oglethorpe University,D3,-4.50,-2.25,2.24,0.02
667,Roosevelt University,NAIA,-4.52,-2.28,2.24,0.01
668,Taylor (Ind.),NAIA,-4.52,-2.28,2.24,0.01
669,Friends (Kan.),NAIA,-4.52,-2.28,2.24,0.02
670,Seton Hill (Pa.),D2,-4.52,-2.29,2.22,0.02
671,University of Mobile (Ala.),NAIA,-4.54,-2.27,2.27,0.07
672,Nebraska Wesleyan,NAIA,-4.54,-2.28,2.27,0.04
673,Swarthmore College,D3,-4.55,-2.29,2.26,0.01
674,Hagerstown Community College,NJCAA I,-4.57,-2.31,2.26,0.00
675,Oxford College of Emory University,NJCAA I,-4.57,-2.31,2.26,0.01
676,St. Thomas University (Fla.),NAIA,-4.58,-2.29,2.29,0.04
677,Cedarville  University (Ohio),D2,-4.58,-2.33,2.25,0.00
678,Meridian Comm. College,NJCAA I,-4.58,-2.28,2.30,0.01
679,Colby College,D3,-4.58,-2.29,2.29,0.06
680,Ithaca College,D3,-4.59,-2.29,2.30,0.02
681,John Carroll University,D3,-4.62,-2.31,2.31,0.02
682,Covenant College,D3,-4.63,-2.30,2.32,0.01
683,Ventura College,SCCC,-4.63,-2.31,2.32,0.01
684,Carroll University (Wisconsin),D3,-4.63,-2.34,2.28,0.00
685,West Virginia Wesleyan College,D2,-4.63,-2.36,2.27,0.03
686,Univ. of Mary Hardin-Baylor,D3,-4.63,-2.32,2.31,0.01
687,Georgia Perimeter College,NJCAA I,-4.63,-2.31,2.32,0.02
688,Johnson C. Smith University,D2,-4.63,-2.32,2.32,0.01
689,Minnesota State University-Mankato,D2,-4.66,-2.32,2.33,0.07
690,St. Mary's College of Maryland,D3,-4.66,-2.36,2.30,0.01
691,Southwestern University (TX),D3,-4.66,-2.32,2.34,0.02
692,Collin College,NJCAA I,-4.67,-2.32,2.35,0.02
693,North Carolina A&T State,D1,-4.67,-2.34,2.33,0.43
694,East Texas Baptist University,D3,-4.69,-2.34,2.35,0.03
695,Reinhardt (Ga.),NAIA,-4.69,-2.33,2.36,0.05
696,Tabor College (Kan.),NAIA,-4.72,-2.35,2.37,0.01
697,St. Cloud State University,D2,-4.72,-2.36,2.36,0.02
698,Holy Family University,D2,-4.73,-2.34,2.38,0.03
699,Montana State University-Billings,D2,-4.73,-2.39,2.34,0.15
700,Pikeville (Ky.),NAIA,-4.75,-2.37,2.39,0.02
701,Tuskegee University,D2,-4.77,-2.39,2.38,0.05
702,Univ. of Illinois at Springfield,D2,-4.78,-2.39,2.39,0.01
703,Austin College,D3,-4.79,-2.39,2.40,0.01
704,Seward County Comm. College,NJCAA I,-4.79,-2.38,2.41,0.01
705,Grambling State University,D1,-4.80,-2.39,2.41,0.24
706,John Brown (Ark.),NAIA,-4.80,-2.39,2.42,0.00
707,Pima Community College,NJCAA I,-4.81,-2.41,2.41,0.01
708,Dickinson College,D3,-4.82,-2.43,2.39,0.03
709,Juniata College,D3,-4.83,-2.43,2.40,0.00
710,"Fairleigh Dickinson University, College at Florham",D3,-4.83,-2.43,2.40,0.01
711,Graceland University (Iowa),NAIA,-4.83,-2.43,2.40,0.06
712,Winston-Salem State,D2,-4.83,-2.41,2.42,0.01
713,Shepherd University,D2,-4.84,-2.47,2.37,0.00
714,"Univ. of Puerto Rico, Mayaguez",D2,-4.84,-2.43,2.41,0.03
715,Bethel UMN,D3,-4.85,-2.44,2.41,0.01
716,University of Scranton,D3,-4.86,-2.44,2.42,0.01
717,St. Francis College (New York),D1,-4.86,-2.42,2.43,0.19
718,State University College at Oswego,D3,-4.86,-2.44,2.42,0.03
719,Gettysburg College,D3,-4.86,-2.43,2.44,0.01
720,Minnesota State University-Moorhead,D2,-4.87,-2.48,2.39,0.07
721,Mesa Comm. College,NJCAA I,-4.89,-2.44,2.46,0.01
722,Webster University,D3,-4.90,-2.48,2.42,0.00
723,Univ. of Puget Sound,D3,-4.90,-2.44,2.46,0.04
724,Grinnell College,D3,-4.91,-2.43,2.47,0.04
725,Biola University,NAIA,-4.91,-2.45,2.46,0.02
726,Shenandoah University,D3,-4.93,-2.46,2.46,0.00
727,Western Connecticut State,D3,-4.93,-2.47,2.46,0.01
728,Aurora University,D3,-4.93,-2.47,2.46,0.01
729,Stevenson University,D3,-4.93,-2.47,2.46,0.01
730,Keuka College,D3,-4.93,-2.47,2.46,0.00
731,Wheaton College (Massachusetts),D3,-4.93,-2.47,2.46,0.01
732,Adrian College,D3,-4.93,-2.47,2.46,0.01
733,Hunter College,D3,-4.93,-2.47,2.46,0.01
734,Alverno College,D3,-4.93,-2.47,2.46,0.01
735,Wisconsin Lutheran College,D3,-4.93,-2.47,2.46,0.01
736,Lancaster Bible College,D3,-4.93,-2.47,2.46,0.00
737,State University College at Cortland,D3,-4.93,-2.47,2.46,0.02
738,Wentworth Institute of Technology,D3,-4.93,-2.47,2.46,0.00
739,Wells College,D3,-4.93,-2.47,2.46,0.00
740,Marywood University,D3,-4.93,-2.47,2.46,0.03
741,Farmingdale State College,D3,-4.93,-2.47,2.46,0.01
742,Endicott College,D3,-4.93,-2.47,2.46,0.01
743,Worcester State University,D3,-4.93,-2.47,2.46,0.00
744,"Univ. of Minnesota, Morris",D3,-4.93,-2.47,2.46,0.01
745,Yeshiva University,D3,-4.93,-2.47,2.46,0.01
746,Brooklyn College,D3,-4.93,-2.47,2.46,0.01
747,Drew University,D3,-4.93,-2.47,2.46,0.00
748,Dominican University (Illinois),D3,-4.93,-2.47,2.46,0.01
749,Millikin University,D3,-4.93,-2.47,2.46,0.00
750,Delaware Valley College,D3,-4.93,-2.47,2.46,0.01
751,Muskingum College,D3,-4.93,-2.47,2.46,0.01
752,Capital University,D3,-4.93,-2.47,2.46,0.01
753,College of Staten Island,D3,-4.93,-2.47,2.46,0.01
754,College of Saint Elizabeth,D3,-4.93,-2.47,2.46,0.00
755,"Univ. of Wisconsin, River Falls",D3,-4.93,-2.47,2.46,0.00
756,Pratt Institute of Technology,D3,-4.93,-2.47,2.46,0.00
757,Clark University (Massachusetts),D3,-4.93,-2.47,2.46,0.00
758,Penn College of Technology,D3,-4.93,-2.47,2.46,0.00
759,"Penn State Erie, Behrend",D3,-4.93,-2.47,2.46,0.01
760,St. Scholastica (Minn.),D3,-4.93,-2.49,2.44,0.00
761,"Univ. of Minnesota, Duluth",D2,-4.94,-2.47,2.47,0.03
762,Wartburg College,D3,-4.94,-2.45,2.49,0.02
763,Southwestern Christian University,NAIA,-4.95,-2.47,2.48,0.02
764,Mississippi Gulf Coast Comm. College,NJCAA I,-4.96,-2.47,2.49,0.00
765,St. Louis College of Pharmacy,NAIA,-4.97,-2.50,2.48,0.05
766,St. Thomas Aquinas,D2,-4.98,-2.52,2.46,0.02
767,"Univ. of Wisconsin, Eau Claire",D3,-5.00,-2.50,2.50,0.09
768,North Central College,D3,-5.01,-2.51,2.50,1.16
769,Smith College,D3,-5.02,-2.49,2.53,0.01
770,Bridgewater College (Virginia),D3,-5.06,-2.54,2.53,0.01
771,Ohio Wesleyan University,D3,-5.07,-2.54,2.54,0.01
772,Howard Payne University,D3,-5.08,-2.55,2.52,0.01
773,Faulkner State Community College,NJCAA I,-5.08,-2.55,2.53,0.01
774,Clarion University of Pennsylvania,D2,-5.09,-2.55,2.54,0.01
775,College of Wooster,D3,-5.11,-2.58,2.52,0.01
776,Ashford University,NAIA,-5.15,-2.60,2.55,0.17
777,Davis and Elkins College,D2,-5.15,-2.60,2.55,0.01
778,Saint Mary's College (Indiana),D3,-5.16,-2.60,2.56,0.02
779,Calvin College,D3,-5.16,-2.58,2.58,0.01
780,Cornerstone University,NAIA,-5.17,-2.58,2.59,0.00
781,Colorado Christian University,D2,-5.17,-2.58,2.59,0.04
782,Maryville College (Tenn.),D3,-5.17,-2.58,2.59,0.01
783,Misericordia University,D3,-5.17,-2.60,2.57,0.01
784,Cypress College,SCCC,-5.18,-2.59,2.59,0.01
785,Monmouth College,D3,-5.18,-2.64,2.54,0.03
786,"University of Puerto Rico, Bayamon",D2,-5.20,-2.61,2.59,0.02
787,Doane College,NAIA,-5.22,-2.62,2.60,0.01
788,"Louisiana State University, Alexandria",NAIA,-5.23,-2.62,2.61,0.17
789,Fort Valley State University,D2,-5.24,-2.63,2.61,0.04
790,Gordon College,D3,-5.24,-2.67,2.57,0.01
791,"Univ. of Hawaii, Hilo",D2,-5.25,-2.63,2.63,0.29
792,Occidental College,D3,-5.26,-2.63,2.63,0.04
793,Brescia University (Kentucky),NAIA,-5.27,-2.63,2.65,0.00
794,Shawnee State (Ohio),NAIA,-5.27,-2.62,2.65,0.03
795,Alma College,D3,-5.27,-2.63,2.64,0.02
796,Concordia University (Neb.),NAIA,-5.28,-2.63,2.65,0.02
797,Hendrix College,D3,-5.28,-2.63,2.65,0.02
798,Converse College,D2,-5.28,-2.64,2.65,0.02
799,Moravian College,D3,-5.29,-2.65,2.63,0.01
800,Roger Williams University,D3,-5.29,-2.64,2.65,0.01
801,Judson College,NAIA,-5.29,-2.67,2.63,0.01
802,Purdue University Calumet,NAIA,-5.31,-2.66,2.65,0.17
803,Alderson Broaddus College,D2,-5.32,-2.65,2.67,0.01
804,Univ. of St. Francis (Ind.),NAIA,-5.33,-2.64,2.69,0.05
805,Chaminade University,D2,-5.35,-2.67,2.67,0.41
806,LaGrange College,D3,-5.35,-2.68,2.67,0.01
807,Lewis & Clark Comm. College (IL),NJCAA I,-5.35,-2.67,2.68,0.05
808,"Univ. of Wisconsin, Stevens Point",D3,-5.36,-2.70,2.66,0.25
809,Grand View University,NAIA,-5.36,-2.66,2.69,0.01
810,Randolph College,D3,-5.36,-2.70,2.66,0.01
811,East Central Comm. College,NJCAA I,-5.37,-2.68,2.69,0.00
812,Ave Maria University,NAIA,-5.38,-2.69,2.69,0.03
813,Northwestern College (Iowa),NAIA,-5.38,-2.68,2.70,0.00
814,Saint Mary's University of Minnesota,D3,-5.38,-2.69,2.69,0.01
815,Snead State Community College,NJCAA I,-5.39,-2.70,2.69,0.01
816,Wittenberg University,D3,-5.39,-2.66,2.73,0.02
817,Lees-McRae College,D2,-5.39,-2.69,2.70,0.03
818,Jacksonville College,NJCAA I,-5.39,-2.70,2.69,0.01
819,Regis College,D3,-5.41,-2.74,2.67,0.00
820,Asbury (Ky.),NAIA,-5.41,-2.70,2.71,0.00
821,Lincoln University of Missouri,D2,-5.43,-2.71,2.72,0.12
822,Grove City College,D3,-5.43,-2.71,2.72,0.05
823,Bluefield College,NAIA,-5.43,-2.71,2.72,0.01
824,Missouri Baptist,NAIA,-5.47,-2.73,2.74,0.03
825,Bowie State University,D2,-5.48,-2.75,2.73,0.02
826,San Diego Mesa College,SCCC,-5.51,-2.75,2.76,0.01
827,State University College at New Paltz,D3,-5.52,-2.80,2.72,0.02
828,Lindenwood University (Illinois),NAIA,-5.53,-2.74,2.80,0.13
829,Webber International University,NAIA,-5.54,-2.77,2.77,0.02
830,Arcadia University,D3,-5.54,-2.75,2.79,0.01
831,Knox College,D3,-5.54,-2.77,2.78,0.02
832,LeTourneau University,D3,-5.55,-2.76,2.79,0.01
833,Mount San Jacinto College,SCCC,-5.55,-2.77,2.78,0.00
834,Belmont Abbey College,D2,-5.56,-2.78,2.79,0.02
835,Univ. of St. Francis (Ill.),NAIA,-5.56,-2.81,2.75,0.03
836,Westminster College (PA),D3,-5.58,-2.81,2.77,0.01
837,Emory & Henry College,D3,-5.58,-2.79,2.80,0.01
838,Hillsborough Community College,NJCAA I,-5.59,-2.80,2.79,0.05
839,Rose-Hulman Institute of Technology,D3,-5.59,-2.80,2.79,0.00
840,Daemen College,D2,-5.59,-2.82,2.77,0.01
841,Bentley University,D2,-5.60,-2.82,2.77,0.01
842,Marietta College,D3,-5.61,-2.83,2.78,0.01
843,Franklin College,D3,-5.61,-2.78,2.83,0.00
844,Hastings College,NAIA,-5.61,-2.82,2.79,0.05
845,University of the Southwest,NAIA,-5.62,-2.81,2.80,0.05
846,Springfield College,D3,-5.62,-2.83,2.79,0.03
847,Univ. of Maryland Eastern Shore,D1,-5.62,-2.82,2.80,0.05
848,Warner University (Fla.),NAIA,-5.65,-2.82,2.83,0.04
849,Copiah-Lincoln Community College,NJCAA I,-5.65,-2.82,2.83,0.01
850,Orange Coast Community College,SCCC,-5.66,-2.83,2.84,0.01
851,Lebanon Valley College,D3,-5.67,-2.82,2.85,0.01
852,"Univ. of Puerto Rico, Piedras",D2,-5.68,-2.84,2.84,0.14
853,College of the Southwest,NAIA,-5.69,-2.84,2.85,0.06
854,Hinds Community College,NJCAA I,-5.69,-2.84,2.85,0.01
855,East Stroudsburg University of Pennsylvania,D2,-5.70,-2.87,2.83,0.02
856,Nazareth College,D3,-5.70,-2.88,2.83,0.01
857,Messiah College,D3,-5.71,-2.88,2.83,0.02
858,Missouri Valley College,NAIA,-5.73,-2.85,2.88,0.01
859,Ramapo College,D3,-5.73,-2.85,2.88,0.01
860,Lake Forest College,D3,-5.73,-2.87,2.86,0.01
861,Saddleback College,SCCC,-5.78,-2.88,2.89,0.01
862,"Union College, Kentucky",NAIA,-5.81,-2.90,2.91,0.04
863,Penn State Abington,D3,-5.81,-2.89,2.93,0.00
864,Univ. of Virginia's College at Wise,D2,-5.82,-2.91,2.91,0.00
865,Calumet-St. Joseph (Ind.),NAIA,-5.83,-2.91,2.92,0.02
866,Fairmont State University,D2,-5.83,-2.91,2.92,0.01
867,Principia College,D3,-5.85,-2.92,2.93,0.01
868,Saint Joseph's College (IN),D2,-5.85,-2.95,2.90,0.03
869,Heidelberg College,D3,-5.88,-2.96,2.91,0.01
870,Bloomsburg University of Pennsylvania,D2,-5.88,-2.97,2.91,0.04
871,Bethel (Ind.),NAIA,-5.89,-2.91,2.98,0.01
872,Marion Military Institute,NJCAA I,-5.90,-2.94,2.96,0.01
873,Bemidji State University,D2,-5.92,-3.00,2.91,0.06
874,Sul Ross State,D3,-5.92,-2.97,2.95,0.02
875,Concord University,D2,-5.93,-2.95,2.97,0.01
876,Hamline University,D3,-5.93,-2.96,2.97,0.01
877,Salem College,D3,-5.94,-2.97,2.97,0.01
878,Univ. of Mary (N.D.),D2,-5.96,-2.97,2.99,0.04
879,Alvernia University,D3,-5.97,-2.97,3.00,0.01
880,Alfred University,D3,-5.98,-2.96,3.02,0.00
881,Western New England University,D3,-5.98,-2.99,2.99,0.02
882,"Olivet College, MI",D3,-5.98,-3.02,2.96,0.01
883,Piedmont College,D3,-5.99,-2.98,3.01,0.02
884,Midland Lutheran (Neb.),NAIA,-5.99,-2.99,3.00,0.01
885,Northwest Mississippi Comm. College,NJCAA I,-6.00,-3.00,3.00,0.00
886,Harford Community College,NJCAA I,-6.00,-2.98,3.02,0.00
887,University of the Southwest,NAIA,-6.01,-3.03,2.97,0.02
888,Trinity College (District of Columbia),D3,-6.01,-3.00,3.01,0.00
889,Macalester College,D3,-6.02,-3.01,3.01,0.01
890,Union College (New York),D3,-6.02,-3.00,3.02,0.01
891,York College (New York),D3,-6.03,-3.02,3.01,0.04
892,Palomar College,SCCC,-6.04,-3.02,3.02,0.00
893,Loyola University New Orleans,NAIA,-6.04,-3.02,3.02,0.05
894,Gwynedd Mercy University,D3,-6.05,-3.02,3.03,0.02
895,Bryn Mawr College,D3,-6.06,-3.03,3.03,0.02
896,Indiana University East,NAIA,-6.07,-3.04,3.03,0.01
897,Guilford College,D3,-6.07,-3.03,3.04,0.00
898,William Peace University,D3,-6.10,-3.04,3.05,0.01
899,Virginia Wesleyan College,D3,-6.13,-3.06,3.06,0.01
900,Point University,NAIA,-6.15,-3.07,3.08,0.01
901,Bethel University (Tenn.),NAIA,-6.15,-3.08,3.07,0.05
902,College of Saint Mary,NAIA,-6.15,-3.09,3.06,0.01
903,Fayetteville State University,D2,-6.16,-3.07,3.09,0.01
904,King's College (Pennsylvania),D3,-6.16,-3.10,3.06,0.01
905,Baldwin-Wallace College,D3,-6.17,-3.11,3.06,0.01
906,Livingstone College,D2,-6.18,-3.10,3.07,0.01
907,St. Ambrose University (Iowa),NAIA,-6.23,-3.14,3.09,0.02
908,Virginia Union University,D2,-6.23,-3.13,3.10,0.02
909,"University of Minnesota, Crookston",D2,-6.24,-3.16,3.09,0.07
910,Hesston College,NJCAA I,-6.24,-3.11,3.14,0.02
911,York College (Pennsylvania),D3,-6.24,-3.13,3.12,0.02
912,Washington & Jefferson College,D3,-6.25,-3.15,3.10,0.04
913,Rochester Institute of Technology,D3,-6.27,-3.12,3.15,0.04
914,Fullerton College,SCCC,-6.28,-3.13,3.14,0.01
915,Trine University,D3,-6.30,-3.15,3.15,0.03
916,Stevens Institute of Technology,D3,-6.32,-3.17,3.15,0.10
917,Penn State Berks,D3,-6.33,-3.20,3.13,0.01
918,Lane College,D2,-6.33,-3.18,3.16,0.03
919,Southern Virginia University,D3,-6.34,-3.17,3.17,0.01
920,Ripon College,D3,-6.35,-3.15,3.20,0.01
921,Centenary College (Louisiana),D3,-6.37,-3.18,3.19,0.02
922,Hope International University,NAIA,-6.37,-3.19,3.19,0.02
923,Oneonta State,D3,-6.38,-3.23,3.15,0.01
924,King University (Tenn.),D2,-6.39,-3.19,3.20,0.03
925,Barton County Community College,NJCAA I,-6.39,-3.20,3.18,0.02
926,Illinois Wesleyan University,D3,-6.39,-3.23,3.16,0.02
927,Medaille College,D3,-6.39,-3.17,3.22,0.00
928,Southern Wesleyan University,D2,-6.40,-3.20,3.21,0.03
929,Curry College,D3,-6.42,-3.22,3.20,0.01
930,Tennessee Wesleyan,NAIA,-6.43,-3.25,3.18,0.02
931,McDaniel College,D3,-6.43,-3.20,3.24,0.02
932,Long Beach City College,SCCC,-6.45,-3.22,3.23,0.02
933,Lynchburg College,D3,-6.45,-3.22,3.23,0.01
934,Bakersfield College,SCCC,-6.47,-3.23,3.24,0.01
935,"Albany State, Georgia",D2,-6.49,-3.24,3.25,0.03
936,"Univ. of Wisconsin, Oshkosh",D3,-6.52,-3.27,3.25,0.02
937,San Diego City College,SCCC,-6.53,-3.26,3.27,0.00
938,Eastern University,D3,-6.55,-3.29,3.26,0.01
939,Rust College,D3,-6.56,-3.27,3.29,0.02
940,Emmanuel College (Ga.),D2,-6.58,-3.29,3.29,0.04
941,Mills College (Calif.),D3,-6.59,-3.29,3.30,0.02
942,Westminster College (Missouri),D3,-6.59,-3.28,3.32,0.00
943,Simpson College,D3,-6.60,-3.34,3.26,0.01
944,"Louisiana State University, Shreveport",NAIA,-6.60,-3.29,3.31,0.01
945,Colby-Sawyer College,D3,-6.62,-3.34,3.27,0.01
946,Bethany College (Kan.),NAIA,-6.62,-3.31,3.31,0.01
947,Glendale Community College (Ariz.),NJCAA I,-6.63,-3.32,3.31,0.01
948,St. John Fisher College,D3,-6.64,-3.35,3.29,0.02
949,Rowan College at Gloucester County,NJCAA II,-6.65,-3.31,3.34,0.86
950,Tougaloo College,NAIA,-6.70,-3.35,3.34,0.05
951,Goucher College,D3,-6.72,-3.39,3.33,0.00
952,Transylvania University,D3,-6.72,-3.36,3.36,0.03
953,Ferrum College,D3,-6.73,-3.36,3.36,0.01
954,Frostburg State University,D3,-6.74,-3.39,3.35,0.05
955,Albright College,D3,-6.74,-3.39,3.35,0.03
956,"Texas A&M University, Texarkana",NAIA,-6.75,-3.38,3.37,0.02
957,Millersville University of Pennsylvania,D2,-6.76,-3.42,3.34,0.02
958,Concordia University (Wisconsin),D3,-6.80,-3.43,3.37,0.05
959,Spartanburg Methodist College,NJCAA I,-6.81,-3.41,3.40,0.02
960,Hollins University,D3,-6.82,-3.41,3.41,0.01
961,Le Moyne-Owen College,D2,-6.85,-3.43,3.42,0.04
962,Elizabeth City State University,D2,-6.87,-3.46,3.41,0.02
963,La Roche College,D3,-6.92,-3.43,3.49,0.00
964,"Central State University, OH",D2,-6.92,-3.46,3.46,0.01
965,Saint Vincent College,D3,-6.99,-3.51,3.48,0.02
966,Northeast Mississippi Comm. College,NJCAA I,-6.99,-3.49,3.50,0.00
967,Edgewood College,D3,-7.02,-3.52,3.50,0.04
968,Albion College,D3,-7.08,-3.57,3.51,0.01
969,Susquehanna University,D3,-7.08,-3.53,3.56,0.01
970,Averett University,D3,-7.12,-3.56,3.56,0.01
971,Oakland City University,D2,-7.15,-3.58,3.58,0.01
972,Shippensburg University of Pennsylvania,D2,-7.16,-3.57,3.59,0.01
973,Kutztown University of Pennsylvania,D2,-7.20,-3.63,3.58,0.01
974,Kentucky Wesleyan College,D2,-7.21,-3.59,3.62,0.02
975,Our Lady of the Lake University,NAIA,-7.24,-3.63,3.60,0.05
976,Hood College,D3,-7.26,-3.62,3.63,0.01
977,Spring Hill (Ala.),NAIA,-7.31,-3.67,3.64,0.04
978,Notre Dame de Namur,D2,-7.32,-3.66,3.67,0.01
979,Fontbonne College,D3,-7.35,-3.65,3.70,0.03
980,Mary Baldwin College,D3,-7.35,-3.67,3.68,0.01
981,Wesleyan College (Georgia),D3,-7.39,-3.69,3.70,0.01
982,Central Christian College,NAIA,-7.40,-3.70,3.71,0.01
983,"Univ. of Wisconsin, Stout",D3,-7.48,-3.76,3.72,0.00
984,Paradise Valley Comm. College,NJCAA I,-7.54,-3.77,3.77,0.01
985,Imperial Valley College,SCCC,-7.55,-3.77,3.78,0.00
986,Univ. of the Ozarks (Arkansas),D3,-7.58,-3.79,3.78,0.00
987,Victor Valley College,SCCC,-7.61,-3.80,3.81,0.02
988,Rio Hondo College,SCCC,-7.64,-3.82,3.82,0.02
989,Greensboro College,D3,-7.66,-3.83,3.83,0.01
990,Holmes Community College,NJCAA I,-7.72,-3.86,3.86,0.01
991,Blackburn College,D3,-7.77,-3.86,3.90,0.01
992,Greenville College,D3,-7.79,-3.89,3.90,0.01
993,Bethany Lutheran College,D3,-7.84,-3.94,3.90,0.00
994,St. Catharine College,NAIA,-7.88,-3.94,3.94,0.02
995,Penn State Harrisburg,D3,-7.89,-3.92,3.97,0.03
996,Baltimore City Community College,NJCAA I,-7.98,-4.00,3.98,0.00
997,"Concordia College, Moorhead",D3,-8.02,-4.00,4.02,0.01
998,Cuyamaca College,SCCC,-8.05,-4.02,4.03,0.00
999,Bard College,D3,-8.07,-4.03,4.04,0.01
1000,North Central University (Minnesota),D3,-8.07,-4.01,4.06,0.00
1001,Salve Regina University,D3,-8.12,-4.05,4.07,0.02
1002,Antelope Valley College,SCCC,-8.19,-4.10,4.10,0.01
1003,Martin Luther (Minn.),D3,-8.32,-4.15,4.16,0.01
1004,Bryn Athyn,D3,-8.58,-4.30,4.29,0.00
1005,Louisiana College,D3,-8.70,-4.34,4.36,0.01
